Using bundled DotNet SDK version: 10.0 win-x64
Running UnrealBuildTool: dotnet "..\..\Engine\Binaries\DotNET\UnrealBuildTool\UnrealBuildTool.dll" JJK_theHiddenOnesEditor Win64 Development -project=F:\GameStudy\JJK_theHiddenOnes\JJK_theHiddenOnes.uproject -WaitMutex
Log file: C:\Users\yaeonh\AppData\Local\UnrealBuildTool\Log.txt
Determining max actions to execute in parallel (6 physical cores, 12 logical cores)
  Executing up to 6 processes, one per physical core
Using 'git status' to determine working set for adaptive non-unity build (F:\GameStudy\JJK_theHiddenOnes).
UbaServer - Listening on 0.0.0.0:1345
Invalidating makefile for JJK_theHiddenOnesEditor (source file added)
UHT compiled-in object format Default
UHT processed JJK_theHiddenOnesEditor in 12.2777027 seconds (19 generated files written)
Unable to build while Live Coding is active. Exit the editor and game, or press Ctrl+Alt+F11 if iterating on code in the editor or game

Result: Failed (OtherCompilationError)
Total execution time: 18.17 seconds
Trace written to file C:\Users\yaeonh\AppData\Local\UnrealBuildTool\Trace.uba with size 4.3kb
Using bundled DotNet SDK version: 10.0 win-x64
Running UnrealBuildTool: dotnet "..\..\Engine\Binaries\DotNET\UnrealBuildTool\UnrealBuildTool.dll" JJK_theHiddenOnesEditor Win64 Development -project=F:\GameStudy\JJK_theHiddenOnes\JJK_theHiddenOnes.uproject -WaitMutex
Log file: C:\Users\yaeonh\AppData\Local\UnrealBuildTool\Log.txt
Determining max actions to execute in parallel (6 physical cores, 12 logical cores)
  Executing up to 6 processes, one per physical core
  Requested 1.5 GB memory per action, 7.99 GB available: limiting max parallel actions to 5
Using 'git status' to determine working set for adaptive non-unity build (F:\GameStudy\JJK_theHiddenOnes).
UbaServer - Listening on 0.0.0.0:1345
Building JJK_theHiddenOnesEditor...
===== Toolchain Information =====
Using ISPC compiler (F:\GameStudy\UE_5.8\Engine\Source\ThirdParty\Intel\ISPC\bin\Windows\ispc.exe)
  Intel(r) Implicit SPMD Program Compiler (Intel(r) ISPC), 1.24.0 (build commit  @ 20250404, LLVM 18.1.2) 
Using Visual Studio 14.44.35217 toolchain (D:\Program Files\Microsoft Visual Studio\2022\Community\VC\Tools\MSVC\14.44.35207) and Windows 10.0.22621.0 SDK (C:\Program Files (x86)\Windows Kits\10).
[Adaptive Build] Excluded from JJK_theHiddenOnes unity file: ArenaPlayerController.cpp, AttackDefinition.cpp, CombatHitComponent.cpp, CombatInputComponent.cpp, CombatNativeTags.cpp, DodgeAbility.cpp, FighterCharacter.cpp, FighterDefinition.cpp, MeleeComboAbility.cpp, ModifyActionResourceGameplayEffect.cpp, StanceSwitchAbility.cpp
=================================
Using Unreal Build Accelerator local executor to run 15 action(s)
  CPU 6 physical cores, 12 logical cores
  Memory 31.94 GB physical, 41.93 GB/65.19 GB committed
  UBA Storage capacity 40 GB
[1/15] Compile [x64] CombatInputComponent.cpp
F:\GameStudy\JJK_theHiddenOnes\Source\JJK_theHiddenOnes\Training\FighterCharacter.h(274,10): error C2086: “FVector AFighterCharacter::LastMoveInputDirection”: 重定义
	FVector LastMoveInputDirection = FVector::ZeroVector;
	        ^
F:\GameStudy\JJK_theHiddenOnes\Source\JJK_theHiddenOnes\Training\FighterCharacter.h(282,7): error C2535: “bool AFighterCharacter::HasCombatTag(const FGameplayTag &) const”: 已经定义或声明成员函数
	bool HasCombatTag(const FGameplayTag& Tag) const;
	     ^
F:\GameStudy\JJK_theHiddenOnes\Source\JJK_theHiddenOnes\Training\FighterCharacter.h(135,7): note: 参见“AFighterCharacter::HasCombatTag”的声明
	bool HasCombatTag(const FGameplayTag& Tag) const;
	     ^
F:\GameStudy\JJK_theHiddenOnes\Source\JJK_theHiddenOnes\Training\FighterCharacter.h(283,21): error C2535: “UAttackDefinition *AFighterCharacter::ResolveCurrentAttackDefinition(void) const”: 已经定义或声明成员函数
	UAttackDefinition* ResolveCurrentAttackDefinition() const;
	                   ^
F:\GameStudy\JJK_theHiddenOnes\Source\JJK_theHiddenOnes\Training\FighterCharacter.h(136,21): note: 参见“AFighterCharacter::ResolveCurrentAttackDefinition”的声明
	UAttackDefinition* ResolveCurrentAttackDefinition() const;
	                   ^
F:\GameStudy\JJK_theHiddenOnes\Source\JJK_theHiddenOnes\Training\FighterCharacter.h(284,16): error C2535: “UAnimMontage *AFighterCharacter::GetHitReactMontage(void) const”: 已经定义或声明成员函数
	UAnimMontage* GetHitReactMontage() const;
	              ^
F:\GameStudy\JJK_theHiddenOnes\Source\JJK_theHiddenOnes\Training\FighterCharacter.h(137,16): note: 参见“AFighterCharacter::GetHitReactMontage”的声明
	UAnimMontage* GetHitReactMontage() const;
	              ^
F:\GameStudy\JJK_theHiddenOnes\Source\JJK_theHiddenOnes\Training\FighterCharacter.h(285,7): error C2535: “bool AFighterCharacter::ModifyActionResource(float)”: 已经定义或声明成员函数
	bool ModifyActionResource(float SignedAmount);
	     ^
F:\GameStudy\JJK_theHiddenOnes\Source\JJK_theHiddenOnes\Training\FighterCharacter.h(138,7): note: 参见“AFighterCharacter::ModifyActionResource”的声明
	bool ModifyActionResource(float SignedAmount);
	     ^
F:\GameStudy\JJK_theHiddenOnes\Source\JJK_theHiddenOnes\Training\FighterCharacter.h(286,7): error C2535: “void AFighterCharacter::TickResourceRegen(void)”: 已经定义或声明成员函数
	void TickResourceRegen();
	     ^
F:\GameStudy\JJK_theHiddenOnes\Source\JJK_theHiddenOnes\Training\FighterCharacter.h(139,7): note: 参见“AFighterCharacter::TickResourceRegen”的声明
	void TickResourceRegen();
	     ^
F:\GameStudy\JJK_theHiddenOnes\Source\JJK_theHiddenOnes\Training\FighterCharacter.h(149,29): error C2065: “PendingDodge”: 未声明的标识符
	void ClearPendingDodge() { PendingDodge.bPending = false; }
	                           ^
[2/15] Compile [x64] CombatHitComponent.cpp
F:\GameStudy\JJK_theHiddenOnes\Source\JJK_theHiddenOnes\Training\FighterCharacter.h(274,10): error C2086: “FVector AFighterCharacter::LastMoveInputDirection”: 重定义
	FVector LastMoveInputDirection = FVector::ZeroVector;
	        ^
F:\GameStudy\JJK_theHiddenOnes\Source\JJK_theHiddenOnes\Training\FighterCharacter.h(282,7): error C2535: “bool AFighterCharacter::HasCombatTag(const FGameplayTag &) const”: 已经定义或声明成员函数
	bool HasCombatTag(const FGameplayTag& Tag) const;
	     ^
F:\GameStudy\JJK_theHiddenOnes\Source\JJK_theHiddenOnes\Training\FighterCharacter.h(135,7): note: 参见“AFighterCharacter::HasCombatTag”的声明
	bool HasCombatTag(const FGameplayTag& Tag) const;
	     ^
F:\GameStudy\JJK_theHiddenOnes\Source\JJK_theHiddenOnes\Training\FighterCharacter.h(283,21): error C2535: “UAttackDefinition *AFighterCharacter::ResolveCurrentAttackDefinition(void) const”: 已经定义或声明成员函数
	UAttackDefinition* ResolveCurrentAttackDefinition() const;
	                   ^
F:\GameStudy\JJK_theHiddenOnes\Source\JJK_theHiddenOnes\Training\FighterCharacter.h(136,21): note: 参见“AFighterCharacter::ResolveCurrentAttackDefinition”的声明
	UAttackDefinition* ResolveCurrentAttackDefinition() const;
	                   ^
F:\GameStudy\JJK_theHiddenOnes\Source\JJK_theHiddenOnes\Training\FighterCharacter.h(284,16): error C2535: “UAnimMontage *AFighterCharacter::GetHitReactMontage(void) const”: 已经定义或声明成员函数
	UAnimMontage* GetHitReactMontage() const;
	              ^
F:\GameStudy\JJK_theHiddenOnes\Source\JJK_theHiddenOnes\Training\FighterCharacter.h(137,16): note: 参见“AFighterCharacter::GetHitReactMontage”的声明
	UAnimMontage* GetHitReactMontage() const;
	              ^
F:\GameStudy\JJK_theHiddenOnes\Source\JJK_theHiddenOnes\Training\FighterCharacter.h(285,7): error C2535: “bool AFighterCharacter::ModifyActionResource(float)”: 已经定义或声明成员函数
	bool ModifyActionResource(float SignedAmount);
	     ^
F:\GameStudy\JJK_theHiddenOnes\Source\JJK_theHiddenOnes\Training\FighterCharacter.h(138,7): note: 参见“AFighterCharacter::ModifyActionResource”的声明
	bool ModifyActionResource(float SignedAmount);
	     ^
F:\GameStudy\JJK_theHiddenOnes\Source\JJK_theHiddenOnes\Training\FighterCharacter.h(286,7): error C2535: “void AFighterCharacter::TickResourceRegen(void)”: 已经定义或声明成员函数
	void TickResourceRegen();
	     ^
F:\GameStudy\JJK_theHiddenOnes\Source\JJK_theHiddenOnes\Training\FighterCharacter.h(139,7): note: 参见“AFighterCharacter::TickResourceRegen”的声明
	void TickResourceRegen();
	     ^
F:\GameStudy\JJK_theHiddenOnes\Source\JJK_theHiddenOnes\Training\FighterCharacter.h(149,29): error C2065: “PendingDodge”: 未声明的标识符
	void ClearPendingDodge() { PendingDodge.bPending = false; }
	                           ^
F:\GameStudy\JJK_theHiddenOnes\Source\JJK_theHiddenOnes\Training\CombatHitComponent.cpp(322,31): error C2039: "IsAttackFromFront": 不是 "AFighterCharacter" 的成员
		const bool bFront = Target->IsAttackFromFront(Attacker, Def->bCanThrow ? 180.f : Target->GetGuardFrontArcHalfAngle());
		                            ^
F:\GameStudy\JJK_theHiddenOnes\Source\JJK_theHiddenOnes\Training\FighterCharacter.h(31,7): note: 参见“AFighterCharacter”的声明
class AFighterCharacter : public AJJK_theHiddenOnesCharacter, public IAbilitySystemInterface
      ^
F:\GameStudy\JJK_theHiddenOnes\Source\JJK_theHiddenOnes\Training\CombatHitComponent.cpp(322,92): error C2039: "GetGuardFrontArcHalfAngle": 不是 "AFighterCharacter" 的成员
		const bool bFront = Target->IsAttackFromFront(Attacker, Def->bCanThrow ? 180.f : Target->GetGuardFrontArcHalfAngle());
		                                                                                         ^
F:\GameStudy\JJK_theHiddenOnes\Source\JJK_theHiddenOnes\Training\FighterCharacter.h(31,7): note: 参见“AFighterCharacter”的声明
class AFighterCharacter : public AJJK_theHiddenOnesCharacter, public IAbilitySystemInterface
      ^
F:\GameStudy\JJK_theHiddenOnes\Source\JJK_theHiddenOnes\Training\CombatHitComponent.cpp(322,14): error C2737: “bFront”: 必须初始化 const 对象
		const bool bFront = Target->IsAttackFromFront(Attacker, Def->bCanThrow ? 180.f : Target->GetGuardFrontArcHalfAngle());
		           ^
F:\GameStudy\JJK_theHiddenOnes\Source\JJK_theHiddenOnes\Training\CombatHitComponent.cpp(326,47): error C2039: "CanThrowTarget": 不是 "AFighterCharacter" 的成员
		if (bGuarded && Def->bCanThrow && Attacker->CanThrowTarget(Target, Def->bCanThrow))
		                                            ^
F:\GameStudy\JJK_theHiddenOnes\Source\JJK_theHiddenOnes\Training\FighterCharacter.h(31,7): note: 参见“AFighterCharacter”的声明
class AFighterCharacter : public AJJK_theHiddenOnesCharacter, public IAbilitySystemInterface
      ^
F:\GameStudy\JJK_theHiddenOnes\Source\JJK_theHiddenOnes\Training\CombatHitComponent.cpp(335,37): error C2065: “ThrowConfig”: 未声明的标识符
			Attacker->BeginThrowPair(Target, ThrowConfig.PairDuration, ThrowConfig.Damage, ThrowConfig.PairDistance);
			                                 ^
F:\GameStudy\JJK_theHiddenOnes\Source\JJK_theHiddenOnes\Training\CombatHitComponent.cpp(335,63): error C2065: “ThrowConfig”: 未声明的标识符
			Attacker->BeginThrowPair(Target, ThrowConfig.PairDuration, ThrowConfig.Damage, ThrowConfig.PairDistance);
			                                                           ^
F:\GameStudy\JJK_theHiddenOnes\Source\JJK_theHiddenOnes\Training\CombatHitComponent.cpp(335,83): error C2065: “ThrowConfig”: 未声明的标识符
			Attacker->BeginThrowPair(Target, ThrowConfig.PairDuration, ThrowConfig.Damage, ThrowConfig.PairDistance);
			                                                                               ^
F:\GameStudy\JJK_theHiddenOnes\Source\JJK_theHiddenOnes\Training\CombatHitComponent.cpp(335,14): error C2660: “AFighterCharacter::BeginThrowPair”: 函数不接受 1 个参数
			Attacker->BeginThrowPair(Target, ThrowConfig.PairDuration, ThrowConfig.Damage, ThrowConfig.PairDistance);
			          ^
F:\GameStudy\JJK_theHiddenOnes\Source\JJK_theHiddenOnes\Training\FighterCharacter.h(127,7): note: 参见“AFighterCharacter::BeginThrowPair”的声明
	void BeginThrowPair(AFighterCharacter* Partner, float Duration, float Damage, float PairDistance);
	     ^
F:\GameStudy\JJK_theHiddenOnes\Source\JJK_theHiddenOnes\Training\CombatHitComponent.cpp(335,14): note: 尝试匹配参数列表“(AFighterCharacter *)”时
			Attacker->BeginThrowPair(Target, ThrowConfig.PairDuration, ThrowConfig.Damage, ThrowConfig.PairDistance);
			          ^
[3/15] Compile [x64] ArenaPlayerController.cpp
F:\GameStudy\JJK_theHiddenOnes\Source\JJK_theHiddenOnes\Training\FighterCharacter.h(136,19): error C2143: 语法错误: 缺少“;”(在“*”的前面)
	UAttackDefinition* ResolveCurrentAttackDefinition() const;
	                 ^
F:\GameStudy\JJK_theHiddenOnes\Source\JJK_theHiddenOnes\Training\FighterCharacter.h(136,2): error C4430: 缺少类型说明符 - 假定为 int。注意: C++ 不支持默认 int
	UAttackDefinition* ResolveCurrentAttackDefinition() const;
	^
F:\GameStudy\JJK_theHiddenOnes\Source\JJK_theHiddenOnes\Training\FighterCharacter.h(136,59): error C2238: 意外的标记位于“;”之前
	UAttackDefinition* ResolveCurrentAttackDefinition() const;
	                                                         ^
F:\GameStudy\JJK_theHiddenOnes\Source\JJK_theHiddenOnes\Training\FighterCharacter.h(155,37): error C2065: “UAttackDefinition”: 未声明的标识符
	bool ConsumePendingSequence(TArray<UAttackDefinition*>& OutSequence, int32& OutSegmentIndex);
	                                   ^
F:\GameStudy\JJK_theHiddenOnes\Source\JJK_theHiddenOnes\Training\FighterCharacter.h(155,55): error C2059: 语法错误:“>”
	bool ConsumePendingSequence(TArray<UAttackDefinition*>& OutSequence, int32& OutSegmentIndex);
	                                                     ^
F:\GameStudy\JJK_theHiddenOnes\Source\JJK_theHiddenOnes\Training\FighterCharacter.h(271,9): error C2065: “UAttackDefinition”: 未声明的标识符
	TArray<UAttackDefinition*> PendingSequence;
	       ^
F:\GameStudy\JJK_theHiddenOnes\Source\JJK_theHiddenOnes\Training\FighterCharacter.h(271,27): error C2059: 语法错误:“>”
	TArray<UAttackDefinition*> PendingSequence;
	                         ^
F:\GameStudy\JJK_theHiddenOnes\Source\JJK_theHiddenOnes\Training\FighterCharacter.h(274,10): error C2086: “FVector AFighterCharacter::LastMoveInputDirection”: 重定义
	FVector LastMoveInputDirection = FVector::ZeroVector;
	        ^
F:\GameStudy\JJK_theHiddenOnes\Source\JJK_theHiddenOnes\Training\FighterCharacter.h(282,7): error C2535: “bool AFighterCharacter::HasCombatTag(const FGameplayTag &) const”: 已经定义或声明成员函数
	bool HasCombatTag(const FGameplayTag& Tag) const;
	     ^
F:\GameStudy\JJK_theHiddenOnes\Source\JJK_theHiddenOnes\Training\FighterCharacter.h(135,7): note: 参见“AFighterCharacter::HasCombatTag”的声明
	bool HasCombatTag(const FGameplayTag& Tag) const;
	     ^
F:\GameStudy\JJK_theHiddenOnes\Source\JJK_theHiddenOnes\Training\FighterCharacter.h(283,19): error C2143: 语法错误: 缺少“;”(在“*”的前面)
	UAttackDefinition* ResolveCurrentAttackDefinition() const;
	                 ^
F:\GameStudy\JJK_theHiddenOnes\Source\JJK_theHiddenOnes\Training\FighterCharacter.h(283,2): error C4430: 缺少类型说明符 - 假定为 int。注意: C++ 不支持默认 int
	UAttackDefinition* ResolveCurrentAttackDefinition() const;
	^
F:\GameStudy\JJK_theHiddenOnes\Source\JJK_theHiddenOnes\Training\FighterCharacter.h(283,59): error C2238: 意外的标记位于“;”之前
	UAttackDefinition* ResolveCurrentAttackDefinition() const;
	                                                         ^
F:\GameStudy\JJK_theHiddenOnes\Source\JJK_theHiddenOnes\Training\FighterCharacter.h(284,16): error C2535: “UAnimMontage *AFighterCharacter::GetHitReactMontage(void) const”: 已经定义或声明成员函数
	UAnimMontage* GetHitReactMontage() const;
	              ^
F:\GameStudy\JJK_theHiddenOnes\Source\JJK_theHiddenOnes\Training\FighterCharacter.h(137,16): note: 参见“AFighterCharacter::GetHitReactMontage”的声明
	UAnimMontage* GetHitReactMontage() const;
	              ^
F:\GameStudy\JJK_theHiddenOnes\Source\JJK_theHiddenOnes\Training\FighterCharacter.h(285,7): error C2535: “bool AFighterCharacter::ModifyActionResource(float)”: 已经定义或声明成员函数
	bool ModifyActionResource(float SignedAmount);
	     ^
F:\GameStudy\JJK_theHiddenOnes\Source\JJK_theHiddenOnes\Training\FighterCharacter.h(138,7): note: 参见“AFighterCharacter::ModifyActionResource”的声明
	bool ModifyActionResource(float SignedAmount);
	     ^
F:\GameStudy\JJK_theHiddenOnes\Source\JJK_theHiddenOnes\Training\FighterCharacter.h(286,7): error C2535: “void AFighterCharacter::TickResourceRegen(void)”: 已经定义或声明成员函数
	void TickResourceRegen();
	     ^
F:\GameStudy\JJK_theHiddenOnes\Source\JJK_theHiddenOnes\Training\FighterCharacter.h(139,7): note: 参见“AFighterCharacter::TickResourceRegen”的声明
	void TickResourceRegen();
	     ^
F:\GameStudy\JJK_theHiddenOnes\Source\JJK_theHiddenOnes\Training\FighterCharacter.h(149,29): error C2065: “PendingDodge”: 未声明的标识符
	void ClearPendingDodge() { PendingDodge.bPending = false; }
	                           ^
[4/15] Compile [x64] AttackDefinition.cpp
[5/15] Compile [x64] DodgeAbility.cpp
F:\GameStudy\JJK_theHiddenOnes\Source\JJK_theHiddenOnes\Training\FighterCharacter.h(136,19): error C2143: 语法错误: 缺少“;”(在“*”的前面)
	UAttackDefinition* ResolveCurrentAttackDefinition() const;
	                 ^
F:\GameStudy\JJK_theHiddenOnes\Source\JJK_theHiddenOnes\Training\FighterCharacter.h(136,2): error C4430: 缺少类型说明符 - 假定为 int。注意: C++ 不支持默认 int
	UAttackDefinition* ResolveCurrentAttackDefinition() const;
	^
F:\GameStudy\JJK_theHiddenOnes\Source\JJK_theHiddenOnes\Training\FighterCharacter.h(136,59): error C2238: 意外的标记位于“;”之前
	UAttackDefinition* ResolveCurrentAttackDefinition() const;
	                                                         ^
F:\GameStudy\JJK_theHiddenOnes\Source\JJK_theHiddenOnes\Training\FighterCharacter.h(155,37): error C2065: “UAttackDefinition”: 未声明的标识符
	bool ConsumePendingSequence(TArray<UAttackDefinition*>& OutSequence, int32& OutSegmentIndex);
	                                   ^
F:\GameStudy\JJK_theHiddenOnes\Source\JJK_theHiddenOnes\Training\FighterCharacter.h(155,55): error C2059: 语法错误:“>”
	bool ConsumePendingSequence(TArray<UAttackDefinition*>& OutSequence, int32& OutSegmentIndex);
	                                                     ^
F:\GameStudy\JJK_theHiddenOnes\Source\JJK_theHiddenOnes\Training\FighterCharacter.h(271,9): error C2065: “UAttackDefinition”: 未声明的标识符
	TArray<UAttackDefinition*> PendingSequence;
	       ^
F:\GameStudy\JJK_theHiddenOnes\Source\JJK_theHiddenOnes\Training\FighterCharacter.h(271,27): error C2059: 语法错误:“>”
	TArray<UAttackDefinition*> PendingSequence;
	                         ^
F:\GameStudy\JJK_theHiddenOnes\Source\JJK_theHiddenOnes\Training\FighterCharacter.h(274,10): error C2086: “FVector AFighterCharacter::LastMoveInputDirection”: 重定义
	FVector LastMoveInputDirection = FVector::ZeroVector;
	        ^
F:\GameStudy\JJK_theHiddenOnes\Source\JJK_theHiddenOnes\Training\FighterCharacter.h(282,7): error C2535: “bool AFighterCharacter::HasCombatTag(const FGameplayTag &) const”: 已经定义或声明成员函数
	bool HasCombatTag(const FGameplayTag& Tag) const;
	     ^
F:\GameStudy\JJK_theHiddenOnes\Source\JJK_theHiddenOnes\Training\FighterCharacter.h(135,7): note: 参见“AFighterCharacter::HasCombatTag”的声明
	bool HasCombatTag(const FGameplayTag& Tag) const;
	     ^
F:\GameStudy\JJK_theHiddenOnes\Source\JJK_theHiddenOnes\Training\FighterCharacter.h(283,19): error C2143: 语法错误: 缺少“;”(在“*”的前面)
	UAttackDefinition* ResolveCurrentAttackDefinition() const;
	                 ^
F:\GameStudy\JJK_theHiddenOnes\Source\JJK_theHiddenOnes\Training\FighterCharacter.h(283,2): error C4430: 缺少类型说明符 - 假定为 int。注意: C++ 不支持默认 int
	UAttackDefinition* ResolveCurrentAttackDefinition() const;
	^
F:\GameStudy\JJK_theHiddenOnes\Source\JJK_theHiddenOnes\Training\FighterCharacter.h(283,59): error C2238: 意外的标记位于“;”之前
	UAttackDefinition* ResolveCurrentAttackDefinition() const;
	                                                         ^
F:\GameStudy\JJK_theHiddenOnes\Source\JJK_theHiddenOnes\Training\FighterCharacter.h(284,16): error C2535: “UAnimMontage *AFighterCharacter::GetHitReactMontage(void) const”: 已经定义或声明成员函数
	UAnimMontage* GetHitReactMontage() const;
	              ^
F:\GameStudy\JJK_theHiddenOnes\Source\JJK_theHiddenOnes\Training\FighterCharacter.h(137,16): note: 参见“AFighterCharacter::GetHitReactMontage”的声明
	UAnimMontage* GetHitReactMontage() const;
	              ^
F:\GameStudy\JJK_theHiddenOnes\Source\JJK_theHiddenOnes\Training\FighterCharacter.h(285,7): error C2535: “bool AFighterCharacter::ModifyActionResource(float)”: 已经定义或声明成员函数
	bool ModifyActionResource(float SignedAmount);
	     ^
F:\GameStudy\JJK_theHiddenOnes\Source\JJK_theHiddenOnes\Training\FighterCharacter.h(138,7): note: 参见“AFighterCharacter::ModifyActionResource”的声明
	bool ModifyActionResource(float SignedAmount);
	     ^
F:\GameStudy\JJK_theHiddenOnes\Source\JJK_theHiddenOnes\Training\FighterCharacter.h(286,7): error C2535: “void AFighterCharacter::TickResourceRegen(void)”: 已经定义或声明成员函数
	void TickResourceRegen();
	     ^
F:\GameStudy\JJK_theHiddenOnes\Source\JJK_theHiddenOnes\Training\FighterCharacter.h(139,7): note: 参见“AFighterCharacter::TickResourceRegen”的声明
	void TickResourceRegen();
	     ^
F:\GameStudy\JJK_theHiddenOnes\Source\JJK_theHiddenOnes\Training\FighterCharacter.h(149,29): error C2065: “PendingDodge”: 未声明的标识符
	void ClearPendingDodge() { PendingDodge.bPending = false; }
	                           ^
F:\GameStudy\JJK_theHiddenOnes\Source\JJK_theHiddenOnes\Training\DodgeAbility.cpp(40,2): error C4430: 缺少类型说明符 - 假定为 int。注意: C++ 不支持默认 int
	const FDodgeRequest Dodge = Fighter->ConsumePendingDodge();
	^
F:\GameStudy\JJK_theHiddenOnes\Source\JJK_theHiddenOnes\Training\DodgeAbility.cpp(40,22): error C2146: 语法错误: 缺少“;”(在标识符“Dodge”的前面)
	const FDodgeRequest Dodge = Fighter->ConsumePendingDodge();
	                    ^
F:\GameStudy\JJK_theHiddenOnes\Source\JJK_theHiddenOnes\Training\DodgeAbility.cpp(40,22): error C2065: “Dodge”: 未声明的标识符
F:\GameStudy\JJK_theHiddenOnes\Source\JJK_theHiddenOnes\Training\DodgeAbility.cpp(41,16): error C2065: “Dodge”: 未声明的标识符
	FVector Dir = Dodge.Direction;
	              ^
F:\GameStudy\JJK_theHiddenOnes\Source\JJK_theHiddenOnes\Training\DodgeAbility.cpp(50,2): error C4430: 缺少类型说明符 - 假定为 int。注意: C++ 不支持默认 int
	const FDodgeConfig& Config = Fighter->GetDefinition()->DodgeConfig;
	^
F:\GameStudy\JJK_theHiddenOnes\Source\JJK_theHiddenOnes\Training\DodgeAbility.cpp(50,20): error C2143: 语法错误: 缺少“;”(在“&”的前面)
	const FDodgeConfig& Config = Fighter->GetDefinition()->DodgeConfig;
	                  ^
F:\GameStudy\JJK_theHiddenOnes\Source\JJK_theHiddenOnes\Training\DodgeAbility.cpp(50,22): error C2065: “Config”: 未声明的标识符
	const FDodgeConfig& Config = Fighter->GetDefinition()->DodgeConfig;
	                    ^
F:\GameStudy\JJK_theHiddenOnes\Source\JJK_theHiddenOnes\Training\DodgeAbility.cpp(50,53): error C2027: 使用了未定义类型“UFighterDefinition”
	const FDodgeConfig& Config = Fighter->GetDefinition()->DodgeConfig;
	                                                   ^
F:\GameStudy\JJK_theHiddenOnes\Intermediate\Build\Win64\UnrealEditor\Inc\JJK_theHiddenOnes\UHT\FighterCharacter.generated.h(24,7): note: 参见“UFighterDefinition”的声明
class UFighterDefinition;
      ^
F:\GameStudy\JJK_theHiddenOnes\Source\JJK_theHiddenOnes\Training\DodgeAbility.cpp(53,43): error C2027: 使用了未定义类型“UFighterAbilitySystemComponent”
	Fighter->GetFighterAbilitySystemComponent()->AddLooseGameplayTag(TAG_State_DodgeInvulnerable);
	                                         ^
F:\GameStudy\JJK_theHiddenOnes\Intermediate\Build\Win64\UnrealEditor\Inc\JJK_theHiddenOnes\UHT\FighterCharacter.generated.h(22,7): note: 参见“UFighterAbilitySystemComponent”的声明
class UFighterAbilitySystemComponent;
      ^
F:\GameStudy\JJK_theHiddenOnes\Source\JJK_theHiddenOnes\Training\DodgeAbility.cpp(57,67): error C2065: “Config”: 未声明的标识符
	Movement->Velocity = FVector(0, 0, Movement->Velocity.Z) + Dir * Config.DodgeSpeed;
	                                                                 ^
F:\GameStudy\JJK_theHiddenOnes\Source\JJK_theHiddenOnes\Training\DodgeAbility.cpp(60,6): error C2065: “Dodge”: 未声明的标识符
	if (Dodge.bCancel)
	    ^
F:\GameStudy\JJK_theHiddenOnes\Source\JJK_theHiddenOnes\Training\DodgeAbility.cpp(64,44): error C2027: 使用了未定义类型“UFighterAbilitySystemComponent”
		Fighter->GetFighterAbilitySystemComponent()->CancelAbilities(&CancelTags);
		                                         ^
F:\GameStudy\JJK_theHiddenOnes\Intermediate\Build\Win64\UnrealEditor\Inc\JJK_theHiddenOnes\UHT\FighterCharacter.generated.h(22,7): note: 参见“UFighterAbilitySystemComponent”的声明
class UFighterAbilitySystemComponent;
      ^
F:\GameStudy\JJK_theHiddenOnes\Source\JJK_theHiddenOnes\Training\DodgeAbility.cpp(68,36): error C2065: “Config”: 未声明的标识符
		&UDodgeAbility::HandleInvulnEnd, Config.InvulnerableDuration, false);
		                                 ^
F:\GameStudy\JJK_theHiddenOnes\Source\JJK_theHiddenOnes\Training\DodgeAbility.cpp(70,2): error C2065: “Config”: 未声明的标识符
	UE_LOG(LogTemp, Log, TEXT("[Dodge] %s 闪避（方向 %s，无敌 %.2fs）"),
	^
F:\GameStudy\JJK_theHiddenOnes\Source\JJK_theHiddenOnes\Training\DodgeAbility.cpp(70,2): error C3553: decltype 应为表达式而不是类型
F:\GameStudy\JJK_theHiddenOnes\Source\JJK_theHiddenOnes\Training\DodgeAbility.cpp(81,35): error C2440: “初始化”: 无法从“UFighterAbilitySystemComponent *”转换为“UAbilitySystemComponent *”
	if (UAbilitySystemComponent* ASC = Fighter->GetFighterAbilitySystemComponent())
	                                 ^
F:\GameStudy\JJK_theHiddenOnes\Source\JJK_theHiddenOnes\Training\DodgeAbility.cpp(81,35): note: 指向的类型不相关; 转换需要 reinterpret_cast、C 样式强制转换或带圆括号的函数样式强制转换
F:\GameStudy\JJK_theHiddenOnes\Source\JJK_theHiddenOnes\Training\DodgeAbility.cpp(83,3): error C2027: 使用了未定义类型“UAbilitySystemComponent”
		ASC->RemoveLooseGameplayTag(TAG_State_DodgeInvulnerable);
		^
F:\GameStudy\UE_5.8\Engine\Plugins\Runtime\GameplayAbilities\Source\GameplayAbilities\Public\ActiveGameplayEffectHandle.h(9,7): note: 参见“UAbilitySystemComponent”的声明
class UAbilitySystemComponent;
      ^
F:\GameStudy\JJK_theHiddenOnes\Source\JJK_theHiddenOnes\Training\DodgeAbility.cpp(84,3): error C2027: 使用了未定义类型“UAbilitySystemComponent”
		ASC->AddLooseGameplayTag(TAG_State_DodgeRecovery);
		^
F:\GameStudy\UE_5.8\Engine\Plugins\Runtime\GameplayAbilities\Source\GameplayAbilities\Public\ActiveGameplayEffectHandle.h(9,7): note: 参见“UAbilitySystemComponent”的声明
class UAbilitySystemComponent;
      ^
F:\GameStudy\JJK_theHiddenOnes\Source\JJK_theHiddenOnes\Training\DodgeAbility.cpp(86,74): error C2027: 使用了未定义类型“UFighterDefinition”
	const float Recovery = Fighter->GetDefinition() ? Fighter->GetDefinition()->DodgeConfig.RecoveryDuration : 0.4f;
	                                                                        ^
F:\GameStudy\JJK_theHiddenOnes\Intermediate\Build\Win64\UnrealEditor\Inc\JJK_theHiddenOnes\UHT\FighterCharacter.generated.h(24,7): note: 参见“UFighterDefinition”的声明
class UFighterDefinition;
      ^
F:\GameStudy\JJK_theHiddenOnes\Source\JJK_theHiddenOnes\Training\DodgeAbility.cpp(86,14): error C2737: “Recovery”: 必须初始化 const 对象
	const float Recovery = Fighter->GetDefinition() ? Fighter->GetDefinition()->DodgeConfig.RecoveryDuration : 0.4f;
	            ^
F:\GameStudy\JJK_theHiddenOnes\Source\JJK_theHiddenOnes\Training\DodgeAbility.cpp(95,36): error C2440: “初始化”: 无法从“UFighterAbilitySystemComponent *”转换为“UAbilitySystemComponent *”
		if (UAbilitySystemComponent* ASC = Fighter->GetFighterAbilitySystemComponent())
		                                 ^
F:\GameStudy\JJK_theHiddenOnes\Source\JJK_theHiddenOnes\Training\DodgeAbility.cpp(95,36): note: 指向的类型不相关; 转换需要 reinterpret_cast、C 样式强制转换或带圆括号的函数样式强制转换
F:\GameStudy\JJK_theHiddenOnes\Source\JJK_theHiddenOnes\Training\DodgeAbility.cpp(97,4): error C2027: 使用了未定义类型“UAbilitySystemComponent”
			ASC->RemoveLooseGameplayTag(TAG_State_DodgeRecovery);
			^
F:\GameStudy\UE_5.8\Engine\Plugins\Runtime\GameplayAbilities\Source\GameplayAbilities\Public\ActiveGameplayEffectHandle.h(9,7): note: 参见“UAbilitySystemComponent”的声明
class UAbilitySystemComponent;
      ^
F:\GameStudy\JJK_theHiddenOnes\Source\JJK_theHiddenOnes\Training\DodgeAbility.cpp(116,36): error C2440: “初始化”: 无法从“UFighterAbilitySystemComponent *”转换为“UAbilitySystemComponent *”
		if (UAbilitySystemComponent* ASC = Fighter->GetFighterAbilitySystemComponent())
		                                 ^
F:\GameStudy\JJK_theHiddenOnes\Source\JJK_theHiddenOnes\Training\DodgeAbility.cpp(116,36): note: 指向的类型不相关; 转换需要 reinterpret_cast、C 样式强制转换或带圆括号的函数样式强制转换
F:\GameStudy\JJK_theHiddenOnes\Source\JJK_theHiddenOnes\Training\DodgeAbility.cpp(118,4): error C2027: 使用了未定义类型“UAbilitySystemComponent”
			ASC->RemoveLooseGameplayTag(TAG_State_DodgeInvulnerable);
			^
F:\GameStudy\UE_5.8\Engine\Plugins\Runtime\GameplayAbilities\Source\GameplayAbilities\Public\ActiveGameplayEffectHandle.h(9,7): note: 参见“UAbilitySystemComponent”的声明
class UAbilitySystemComponent;
      ^
F:\GameStudy\JJK_theHiddenOnes\Source\JJK_theHiddenOnes\Training\DodgeAbility.cpp(119,4): error C2027: 使用了未定义类型“UAbilitySystemComponent”
			ASC->RemoveLooseGameplayTag(TAG_State_DodgeRecovery);
			^
F:\GameStudy\UE_5.8\Engine\Plugins\Runtime\GameplayAbilities\Source\GameplayAbilities\Public\ActiveGameplayEffectHandle.h(9,7): note: 参见“UAbilitySystemComponent”的声明
class UAbilitySystemComponent;
      ^
[6/15] Compile [x64] CombatNativeTags.cpp
[7/15] Compile [x64] FighterCharacter.cpp
F:\GameStudy\JJK_theHiddenOnes\Source\JJK_theHiddenOnes\Training\FighterCharacter.h(99,23): error C3646: “ValidateAttackRequest”: 未知重写说明符
	EActionRequestResult ValidateAttackRequest() const;
	                     ^
F:\GameStudy\JJK_theHiddenOnes\Source\JJK_theHiddenOnes\Training\FighterCharacter.h(99,44): error C2059: 语法错误:“(”
	EActionRequestResult ValidateAttackRequest() const;
	                                          ^
F:\GameStudy\JJK_theHiddenOnes\Source\JJK_theHiddenOnes\Training\FighterCharacter.h(99,52): error C2238: 意外的标记位于“;”之前
	EActionRequestResult ValidateAttackRequest() const;
	                                                  ^
F:\GameStudy\JJK_theHiddenOnes\Source\JJK_theHiddenOnes\Training\FighterCharacter.h(102,29): error C2061: 语法错误: 标识符“ECachedAction”
	bool RequestAttackSequence(ECachedAction Action);
	                           ^
F:\GameStudy\JJK_theHiddenOnes\Source\JJK_theHiddenOnes\Training\FighterCharacter.h(135,20): error C4430: 缺少类型说明符 - 假定为 int。注意: C++ 不支持默认 int
	bool HasCombatTag(const FGameplayTag& Tag) const;
	                  ^
F:\GameStudy\JJK_theHiddenOnes\Source\JJK_theHiddenOnes\Training\FighterCharacter.h(135,38): error C2143: 语法错误: 缺少“,”(在“&”的前面)
	bool HasCombatTag(const FGameplayTag& Tag) const;
	                                    ^
F:\GameStudy\JJK_theHiddenOnes\Source\JJK_theHiddenOnes\Training\FighterCharacter.h(136,19): error C2143: 语法错误: 缺少“;”(在“*”的前面)
	UAttackDefinition* ResolveCurrentAttackDefinition() const;
	                 ^
F:\GameStudy\JJK_theHiddenOnes\Source\JJK_theHiddenOnes\Training\FighterCharacter.h(136,2): error C4430: 缺少类型说明符 - 假定为 int。注意: C++ 不支持默认 int
	UAttackDefinition* ResolveCurrentAttackDefinition() const;
	^
F:\GameStudy\JJK_theHiddenOnes\Source\JJK_theHiddenOnes\Training\FighterCharacter.h(136,59): error C2238: 意外的标记位于“;”之前
	UAttackDefinition* ResolveCurrentAttackDefinition() const;
	                                                         ^
F:\GameStudy\JJK_theHiddenOnes\Source\JJK_theHiddenOnes\Training\FighterCharacter.h(155,37): error C2065: “UAttackDefinition”: 未声明的标识符
	bool ConsumePendingSequence(TArray<UAttackDefinition*>& OutSequence, int32& OutSegmentIndex);
	                                   ^
F:\GameStudy\JJK_theHiddenOnes\Source\JJK_theHiddenOnes\Training\FighterCharacter.h(155,55): error C2059: 语法错误:“>”
	bool ConsumePendingSequence(TArray<UAttackDefinition*>& OutSequence, int32& OutSegmentIndex);
	                                                     ^
F:\GameStudy\JJK_theHiddenOnes\Source\JJK_theHiddenOnes\Training\FighterCharacter.h(271,9): error C2065: “UAttackDefinition”: 未声明的标识符
	TArray<UAttackDefinition*> PendingSequence;
	       ^
F:\GameStudy\JJK_theHiddenOnes\Source\JJK_theHiddenOnes\Training\FighterCharacter.h(271,27): error C2059: 语法错误:“>”
	TArray<UAttackDefinition*> PendingSequence;
	                         ^
F:\GameStudy\JJK_theHiddenOnes\Source\JJK_theHiddenOnes\Training\FighterCharacter.h(274,10): error C2086: “FVector AFighterCharacter::LastMoveInputDirection”: 重定义
	FVector LastMoveInputDirection = FVector::ZeroVector;
	        ^
F:\GameStudy\JJK_theHiddenOnes\Source\JJK_theHiddenOnes\Training\FighterCharacter.h(282,20): error C4430: 缺少类型说明符 - 假定为 int。注意: C++ 不支持默认 int
	bool HasCombatTag(const FGameplayTag& Tag) const;
	                  ^
F:\GameStudy\JJK_theHiddenOnes\Source\JJK_theHiddenOnes\Training\FighterCharacter.h(282,38): error C2143: 语法错误: 缺少“,”(在“&”的前面)
	bool HasCombatTag(const FGameplayTag& Tag) const;
	                                    ^
F:\GameStudy\JJK_theHiddenOnes\Source\JJK_theHiddenOnes\Training\FighterCharacter.h(282,7): error C2535: “bool AFighterCharacter::HasCombatTag(const int) const”: 已经定义或声明成员函数
	bool HasCombatTag(const FGameplayTag& Tag) const;
	     ^
F:\GameStudy\JJK_theHiddenOnes\Source\JJK_theHiddenOnes\Training\FighterCharacter.h(135,7): note: 参见“AFighterCharacter::HasCombatTag”的声明
	bool HasCombatTag(const FGameplayTag& Tag) const;
	     ^
F:\GameStudy\JJK_theHiddenOnes\Source\JJK_theHiddenOnes\Training\FighterCharacter.h(283,19): error C2143: 语法错误: 缺少“;”(在“*”的前面)
	UAttackDefinition* ResolveCurrentAttackDefinition() const;
	                 ^
F:\GameStudy\JJK_theHiddenOnes\Source\JJK_theHiddenOnes\Training\FighterCharacter.h(283,2): error C4430: 缺少类型说明符 - 假定为 int。注意: C++ 不支持默认 int
	UAttackDefinition* ResolveCurrentAttackDefinition() const;
	^
F:\GameStudy\JJK_theHiddenOnes\Source\JJK_theHiddenOnes\Training\FighterCharacter.h(283,59): error C2238: 意外的标记位于“;”之前
	UAttackDefinition* ResolveCurrentAttackDefinition() const;
	                                                         ^
F:\GameStudy\JJK_theHiddenOnes\Source\JJK_theHiddenOnes\Training\FighterCharacter.h(284,16): error C2535: “UAnimMontage *AFighterCharacter::GetHitReactMontage(void) const”: 已经定义或声明成员函数
	UAnimMontage* GetHitReactMontage() const;
	              ^
F:\GameStudy\JJK_theHiddenOnes\Source\JJK_theHiddenOnes\Training\FighterCharacter.h(137,16): note: 参见“AFighterCharacter::GetHitReactMontage”的声明
	UAnimMontage* GetHitReactMontage() const;
	              ^
F:\GameStudy\JJK_theHiddenOnes\Source\JJK_theHiddenOnes\Training\FighterCharacter.h(285,7): error C2535: “bool AFighterCharacter::ModifyActionResource(float)”: 已经定义或声明成员函数
	bool ModifyActionResource(float SignedAmount);
	     ^
F:\GameStudy\JJK_theHiddenOnes\Source\JJK_theHiddenOnes\Training\FighterCharacter.h(138,7): note: 参见“AFighterCharacter::ModifyActionResource”的声明
	bool ModifyActionResource(float SignedAmount);
	     ^
F:\GameStudy\JJK_theHiddenOnes\Source\JJK_theHiddenOnes\Training\FighterCharacter.h(286,7): error C2535: “void AFighterCharacter::TickResourceRegen(void)”: 已经定义或声明成员函数
	void TickResourceRegen();
	     ^
F:\GameStudy\JJK_theHiddenOnes\Source\JJK_theHiddenOnes\Training\FighterCharacter.h(139,7): note: 参见“AFighterCharacter::TickResourceRegen”的声明
	void TickResourceRegen();
	     ^
F:\GameStudy\JJK_theHiddenOnes\Source\JJK_theHiddenOnes\Training\FighterCharacter.h(149,29): error C2065: “PendingDodge”: 未声明的标识符
	void ClearPendingDodge() { PendingDodge.bPending = false; }
	                           ^
F:\GameStudy\JJK_theHiddenOnes\Source\JJK_theHiddenOnes\Training\FighterCharacter.cpp(105,25): error C2511: “bool AFighterCharacter::HasCombatTag(const FGameplayTag &) const”:“AFighterCharacter”中没有找到重载的成员函数
bool AFighterCharacter::HasCombatTag(const FGameplayTag& Tag) const
                        ^
F:\GameStudy\JJK_theHiddenOnes\Source\JJK_theHiddenOnes\Training\FighterCharacter.h(31,7): note: 参见“AFighterCharacter”的声明
class AFighterCharacter : public AJJK_theHiddenOnesCharacter, public IAbilitySystemInterface
      ^
F:\GameStudy\JJK_theHiddenOnes\Source\JJK_theHiddenOnes\Training\FighterCharacter.cpp(107,9): error C2597: 对非静态成员“AFighterCharacter::AbilitySystem”的非法引用
	return AbilitySystem != nullptr && AbilitySystem->HasMatchingGameplayTag(Tag);
	       ^
F:\GameStudy\JJK_theHiddenOnes\Source\JJK_theHiddenOnes\Training\FighterCharacter.cpp(107,9): note: 参见“AFighterCharacter::AbilitySystem”的声明
F:\GameStudy\JJK_theHiddenOnes\Source\JJK_theHiddenOnes\Training\FighterCharacter.cpp(107,9): error C3867: “AFighterCharacter::AbilitySystem”: 非标准语法；请使用 "&" 来创建指向成员的指针
F:\GameStudy\JJK_theHiddenOnes\Source\JJK_theHiddenOnes\Training\FighterCharacter.cpp(107,9): error C2568: “!=”: 无法解析函数重载
F:\GameStudy\JJK_theHiddenOnes\Source\JJK_theHiddenOnes\Training\FighterCharacter.cpp(112,9): error C2664: “bool AFighterCharacter::HasCombatTag(const int) const”: 无法将参数 1 从“FNativeGameplayTag”转换为“const int”
	return HasCombatTag(TAG_State_Attacking);
	       ^
F:\GameStudy\JJK_theHiddenOnes\Source\JJK_theHiddenOnes\Training\FighterCharacter.cpp(112,22): note: 没有可用于执行该转换的用户定义的转换运算符，或者无法调用该运算符
	return HasCombatTag(TAG_State_Attacking);
	                    ^
F:\GameStudy\JJK_theHiddenOnes\Source\JJK_theHiddenOnes\Training\FighterCharacter.h(135,7): note: 参见“AFighterCharacter::HasCombatTag”的声明
	bool HasCombatTag(const FGameplayTag& Tag) const;
	     ^
F:\GameStudy\JJK_theHiddenOnes\Source\JJK_theHiddenOnes\Training\FighterCharacter.cpp(112,9): note: 尝试匹配参数列表“(FNativeGameplayTag)”时
	return HasCombatTag(TAG_State_Attacking);
	       ^
F:\GameStudy\JJK_theHiddenOnes\Source\JJK_theHiddenOnes\Training\FighterCharacter.cpp(126,6): error C2664: “bool AFighterCharacter::HasCombatTag(const int) const”: 无法将参数 1 从“FNativeGameplayTag”转换为“const int”
	if (HasCombatTag(TAG_State_HitStun) || HasCombatTag(TAG_State_GuardStun)
	    ^
F:\GameStudy\JJK_theHiddenOnes\Source\JJK_theHiddenOnes\Training\FighterCharacter.cpp(126,19): note: 没有可用于执行该转换的用户定义的转换运算符，或者无法调用该运算符
	if (HasCombatTag(TAG_State_HitStun) || HasCombatTag(TAG_State_GuardStun)
	                 ^
F:\GameStudy\JJK_theHiddenOnes\Source\JJK_theHiddenOnes\Training\FighterCharacter.h(135,7): note: 参见“AFighterCharacter::HasCombatTag”的声明
	bool HasCombatTag(const FGameplayTag& Tag) const;
	     ^
F:\GameStudy\JJK_theHiddenOnes\Source\JJK_theHiddenOnes\Training\FighterCharacter.cpp(126,6): note: 尝试匹配参数列表“(FNativeGameplayTag)”时
	if (HasCombatTag(TAG_State_HitStun) || HasCombatTag(TAG_State_GuardStun)
	    ^
F:\GameStudy\JJK_theHiddenOnes\Source\JJK_theHiddenOnes\Training\FighterCharacter.cpp(126,41): error C2664: “bool AFighterCharacter::HasCombatTag(const int) const”: 无法将参数 1 从“FNativeGameplayTag”转换为“const int”
	if (HasCombatTag(TAG_State_HitStun) || HasCombatTag(TAG_State_GuardStun)
	                                       ^
F:\GameStudy\JJK_theHiddenOnes\Source\JJK_theHiddenOnes\Training\FighterCharacter.cpp(126,54): note: 没有可用于执行该转换的用户定义的转换运算符，或者无法调用该运算符
	if (HasCombatTag(TAG_State_HitStun) || HasCombatTag(TAG_State_GuardStun)
	                                                    ^
F:\GameStudy\JJK_theHiddenOnes\Source\JJK_theHiddenOnes\Training\FighterCharacter.h(135,7): note: 参见“AFighterCharacter::HasCombatTag”的声明
	bool HasCombatTag(const FGameplayTag& Tag) const;
	     ^
F:\GameStudy\JJK_theHiddenOnes\Source\JJK_theHiddenOnes\Training\FighterCharacter.cpp(126,41): note: 尝试匹配参数列表“(FNativeGameplayTag)”时
	if (HasCombatTag(TAG_State_HitStun) || HasCombatTag(TAG_State_GuardStun)
	                                       ^
F:\GameStudy\JJK_theHiddenOnes\Source\JJK_theHiddenOnes\Training\FighterCharacter.cpp(127,6): error C2664: “bool AFighterCharacter::HasCombatTag(const int) const”: 无法将参数 1 从“FNativeGameplayTag”转换为“const int”
		|| HasCombatTag(TAG_State_KnockedDown) || HasCombatTag(TAG_State_DodgeInvulnerable)
		   ^
F:\GameStudy\JJK_theHiddenOnes\Source\JJK_theHiddenOnes\Training\FighterCharacter.cpp(127,19): note: 没有可用于执行该转换的用户定义的转换运算符，或者无法调用该运算符
		|| HasCombatTag(TAG_State_KnockedDown) || HasCombatTag(TAG_State_DodgeInvulnerable)
		                ^
F:\GameStudy\JJK_theHiddenOnes\Source\JJK_theHiddenOnes\Training\FighterCharacter.h(135,7): note: 参见“AFighterCharacter::HasCombatTag”的声明
	bool HasCombatTag(const FGameplayTag& Tag) const;
	     ^
F:\GameStudy\JJK_theHiddenOnes\Source\JJK_theHiddenOnes\Training\FighterCharacter.cpp(127,6): note: 尝试匹配参数列表“(FNativeGameplayTag)”时
		|| HasCombatTag(TAG_State_KnockedDown) || HasCombatTag(TAG_State_DodgeInvulnerable)
		   ^
F:\GameStudy\JJK_theHiddenOnes\Source\JJK_theHiddenOnes\Training\FighterCharacter.cpp(127,45): error C2664: “bool AFighterCharacter::HasCombatTag(const int) const”: 无法将参数 1 从“FNativeGameplayTag”转换为“const int”
		|| HasCombatTag(TAG_State_KnockedDown) || HasCombatTag(TAG_State_DodgeInvulnerable)
		                                          ^
F:\GameStudy\JJK_theHiddenOnes\Source\JJK_theHiddenOnes\Training\FighterCharacter.cpp(127,58): note: 没有可用于执行该转换的用户定义的转换运算符，或者无法调用该运算符
		|| HasCombatTag(TAG_State_KnockedDown) || HasCombatTag(TAG_State_DodgeInvulnerable)
		                                                       ^
F:\GameStudy\JJK_theHiddenOnes\Source\JJK_theHiddenOnes\Training\FighterCharacter.h(135,7): note: 参见“AFighterCharacter::HasCombatTag”的声明
	bool HasCombatTag(const FGameplayTag& Tag) const;
	     ^
F:\GameStudy\JJK_theHiddenOnes\Source\JJK_theHiddenOnes\Training\FighterCharacter.cpp(127,45): note: 尝试匹配参数列表“(FNativeGameplayTag)”时
		|| HasCombatTag(TAG_State_KnockedDown) || HasCombatTag(TAG_State_DodgeInvulnerable)
		                                          ^
F:\GameStudy\JJK_theHiddenOnes\Source\JJK_theHiddenOnes\Training\FighterCharacter.cpp(128,6): error C2664: “bool AFighterCharacter::HasCombatTag(const int) const”: 无法将参数 1 从“FNativeGameplayTag”转换为“const int”
		|| HasCombatTag(TAG_State_DodgeRecovery) || HasCombatTag(TAG_State_StanceSwitching))
		   ^
F:\GameStudy\JJK_theHiddenOnes\Source\JJK_theHiddenOnes\Training\FighterCharacter.cpp(128,19): note: 没有可用于执行该转换的用户定义的转换运算符，或者无法调用该运算符
		|| HasCombatTag(TAG_State_DodgeRecovery) || HasCombatTag(TAG_State_StanceSwitching))
		                ^
F:\GameStudy\JJK_theHiddenOnes\Source\JJK_theHiddenOnes\Training\FighterCharacter.h(135,7): note: 参见“AFighterCharacter::HasCombatTag”的声明
	bool HasCombatTag(const FGameplayTag& Tag) const;
	     ^
F:\GameStudy\JJK_theHiddenOnes\Source\JJK_theHiddenOnes\Training\FighterCharacter.cpp(128,6): note: 尝试匹配参数列表“(FNativeGameplayTag)”时
		|| HasCombatTag(TAG_State_DodgeRecovery) || HasCombatTag(TAG_State_StanceSwitching))
		   ^
F:\GameStudy\JJK_theHiddenOnes\Source\JJK_theHiddenOnes\Training\FighterCharacter.cpp(128,47): error C2664: “bool AFighterCharacter::HasCombatTag(const int) const”: 无法将参数 1 从“FNativeGameplayTag”转换为“const int”
		|| HasCombatTag(TAG_State_DodgeRecovery) || HasCombatTag(TAG_State_StanceSwitching))
		                                            ^
F:\GameStudy\JJK_theHiddenOnes\Source\JJK_theHiddenOnes\Training\FighterCharacter.cpp(128,60): note: 没有可用于执行该转换的用户定义的转换运算符，或者无法调用该运算符
		|| HasCombatTag(TAG_State_DodgeRecovery) || HasCombatTag(TAG_State_StanceSwitching))
		                                                         ^
F:\GameStudy\JJK_theHiddenOnes\Source\JJK_theHiddenOnes\Training\FighterCharacter.h(135,7): note: 参见“AFighterCharacter::HasCombatTag”的声明
	bool HasCombatTag(const FGameplayTag& Tag) const;
	     ^
F:\GameStudy\JJK_theHiddenOnes\Source\JJK_theHiddenOnes\Training\FighterCharacter.cpp(128,47): note: 尝试匹配参数列表“(FNativeGameplayTag)”时
		|| HasCombatTag(TAG_State_DodgeRecovery) || HasCombatTag(TAG_State_StanceSwitching))
		                                            ^
F:\GameStudy\JJK_theHiddenOnes\Source\JJK_theHiddenOnes\Training\FighterCharacter.cpp(137,9): error C2664: “bool AFighterCharacter::HasCombatTag(const int) const”: 无法将参数 1 从“FNativeGameplayTag”转换为“const int”
	return HasCombatTag(TAG_State_SuperArmor);
	       ^
F:\GameStudy\JJK_theHiddenOnes\Source\JJK_theHiddenOnes\Training\FighterCharacter.cpp(137,22): note: 没有可用于执行该转换的用户定义的转换运算符，或者无法调用该运算符
	return HasCombatTag(TAG_State_SuperArmor);
	                    ^
F:\GameStudy\JJK_theHiddenOnes\Source\JJK_theHiddenOnes\Training\FighterCharacter.h(135,7): note: 参见“AFighterCharacter::HasCombatTag”的声明
	bool HasCombatTag(const FGameplayTag& Tag) const;
	     ^
F:\GameStudy\JJK_theHiddenOnes\Source\JJK_theHiddenOnes\Training\FighterCharacter.cpp(137,9): note: 尝试匹配参数列表“(FNativeGameplayTag)”时
	return HasCombatTag(TAG_State_SuperArmor);
	       ^
F:\GameStudy\JJK_theHiddenOnes\Source\JJK_theHiddenOnes\Training\FighterCharacter.cpp(145,41): error C2039: "ValidateAttackRequest": 不是 "AFighterCharacter" 的成员
EActionRequestResult AFighterCharacter::ValidateAttackRequest() const
                                        ^
F:\GameStudy\JJK_theHiddenOnes\Source\JJK_theHiddenOnes\Training\FighterCharacter.h(31,7): note: 参见“AFighterCharacter”的声明
class AFighterCharacter : public AJJK_theHiddenOnesCharacter, public IAbilitySystemInterface
      ^
F:\GameStudy\JJK_theHiddenOnes\Source\JJK_theHiddenOnes\Training\FighterCharacter.cpp(145,41): error C2270: “ValidateAttackRequest”: 非成员函数上不允许修饰符
EActionRequestResult AFighterCharacter::ValidateAttackRequest() const
                                        ^
F:\GameStudy\JJK_theHiddenOnes\Source\JJK_theHiddenOnes\Training\FighterCharacter.cpp(147,6): error C3861: “IsDead”: 找不到标识符
	if (IsDead())
	    ^
F:\GameStudy\JJK_theHiddenOnes\Source\JJK_theHiddenOnes\Training\FighterCharacter.cpp(151,7): error C3861: “IsStatsInitialized”: 找不到标识符
	if (!IsStatsInitialized() || AbilitySystem == nullptr)
	     ^
F:\GameStudy\JJK_theHiddenOnes\Source\JJK_theHiddenOnes\Training\FighterCharacter.cpp(151,31): error C2065: “AbilitySystem”: 未声明的标识符
	if (!IsStatsInitialized() || AbilitySystem == nullptr)
	                             ^
F:\GameStudy\JJK_theHiddenOnes\Source\JJK_theHiddenOnes\Training\FighterCharacter.cpp(155,6): error C3861: “GetStance”: 找不到标识符
	if (GetStance() == EFighterStance::Ranged)
	    ^
F:\GameStudy\JJK_theHiddenOnes\Source\JJK_theHiddenOnes\Training\FighterCharacter.cpp(155,18): error C2677: 二进制“==”: 没有找到接受“EFighterStance”类型的全局运算符(或没有可接受的转换)
	if (GetStance() == EFighterStance::Ranged)
	                ^
F:\GameStudy\UE_5.8\Engine\Source\Runtime\CoreUObject\Public\UObject\WeakFieldPtr.h(386,26): note: 可能是“bool operator ==(TYPE_OF_NULLPTR,const TWeakFieldPtr<T> &)”
UE_FORCEINLINE_HINT bool operator==(TYPE_OF_NULLPTR, const TWeakFieldPtr<RhsType>& Rhs)
                         ^
F:\GameStudy\JJK_theHiddenOnes\Source\JJK_theHiddenOnes\Training\FighterCharacter.cpp(155,15): note: “bool operator ==(TYPE_OF_NULLPTR,const TWeakFieldPtr<T> &)”: 无法从“EFighterStance”推导出“const TWeakFieldPtr<T> &”的 模板 参数
	if (GetStance() == EFighterStance::Ranged)
	             ^
F:\GameStudy\UE_5.8\Engine\Source\Runtime\CoreUObject\Public\UObject\WeakFieldPtr.h(376,26): note: 或    “bool operator ==(const TWeakFieldPtr<T> &,TYPE_OF_NULLPTR)”
UE_FORCEINLINE_HINT bool operator==(const TWeakFieldPtr<LhsType>& Lhs, TYPE_OF_NULLPTR)
                         ^
F:\GameStudy\JJK_theHiddenOnes\Source\JJK_theHiddenOnes\Training\FighterCharacter.cpp(155,15): note: “bool operator ==(const TWeakFieldPtr<T> &,TYPE_OF_NULLPTR)”: 无法从“<error type>”推导出“const TWeakFieldPtr<T> &”的 模板 参数
	if (GetStance() == EFighterStance::Ranged)
	             ^
F:\GameStudy\UE_5.8\Engine\Source\Runtime\CoreUObject\Public\UObject\WeakFieldPtr.h(38,6): note: 或    “bool operator ==(const LhsType *,const TWeakFieldPtr<RhsType> &)”
bool operator==(const LhsType* Lhs, const TWeakFieldPtr<RhsType>& Rhs);
     ^
F:\GameStudy\JJK_theHiddenOnes\Source\JJK_theHiddenOnes\Training\FighterCharacter.cpp(155,15): note: “bool operator ==(const LhsType *,const TWeakFieldPtr<RhsType> &)”: 无法从“<error type>”推导出“const LhsType *”的 模板 参数
	if (GetStance() == EFighterStance::Ranged)
	             ^
F:\GameStudy\UE_5.8\Engine\Source\Runtime\CoreUObject\Public\UObject\WeakFieldPtr.h(31,6): note: 或    “bool operator ==(const TWeakFieldPtr<T> &,const RhsType *)”
bool operator==(const TWeakFieldPtr<LhsType>& Lhs, const RhsType* Rhs);
     ^
F:\GameStudy\JJK_theHiddenOnes\Source\JJK_theHiddenOnes\Training\FighterCharacter.cpp(155,15): note: “bool operator ==(const TWeakFieldPtr<T> &,const RhsType *)”: 无法从“<error type>”推导出“const TWeakFieldPtr<T> &”的 模板 参数
	if (GetStance() == EFighterStance::Ranged)
	             ^
F:\GameStudy\UE_5.8\Engine\Source\Runtime\CoreUObject\Public\UObject\WeakFieldPtr.h(24,6): note: 或    “bool operator ==(const TWeakFieldPtr<T> &,const TWeakFieldPtr<RhsType> &)”
bool operator==(const TWeakFieldPtr<LhsType>& Lhs, const TWeakFieldPtr<RhsType>& Rhs);
     ^
F:\GameStudy\JJK_theHiddenOnes\Source\JJK_theHiddenOnes\Training\FighterCharacter.cpp(155,15): note: “bool operator ==(const TWeakFieldPtr<T> &,const TWeakFieldPtr<RhsType> &)”: 无法从“<error type>”推导出“const TWeakFieldPtr<T> &”的 模板 参数
	if (GetStance() == EFighterStance::Ranged)
	             ^
F:\GameStudy\UE_5.8\Engine\Source\Runtime\Core\Public\Misc\UEOps.h(209,41): note: 或    “bool operator ==(const LhsType &,int UE::Core::Private::FIncomplete::* )”
[[nodiscard]] UE_REWRITE constexpr bool operator==(const LhsType& Lhs, int UE::Core::Private::FIncomplete::* Rhs)
                                        ^
F:\GameStudy\JJK_theHiddenOnes\Source\JJK_theHiddenOnes\Training\FighterCharacter.cpp(155,37): note: “初始化”: 无法从“EFighterStance”转换为“int UE::Core::Private::FIncomplete::* ”
	if (GetStance() == EFighterStance::Ranged)
	                                   ^
F:\GameStudy\JJK_theHiddenOnes\Source\JJK_theHiddenOnes\Training\FighterCharacter.cpp(155,37): note: 没有使该转换得以执行的上下文
F:\GameStudy\UE_5.8\Engine\Source\Runtime\Core\Public\Misc\UEOps.h(190,41): note: 或    “bool operator ==(const LhsType &,const RhsType &)”
[[nodiscard]] UE_REWRITE constexpr bool operator==(const LhsType& Lhs, const RhsType& Rhs)
                                        ^
F:\GameStudy\JJK_theHiddenOnes\Source\JJK_theHiddenOnes\Training\FighterCharacter.cpp(155,15): note: 未满足关联约束
	if (GetStance() == EFighterStance::Ranged)
	             ^
F:\GameStudy\UE_5.8\Engine\Source\Runtime\Core\Public\Misc\UEOps.h(189,11): note: 未满足约束
	requires UE::Core::Private::CWithUEOpEquals<LhsType, RhsType> || UE::Core::Private::CWithUEOpEquals<RhsType, LhsType>
	         ^
F:\GameStudy\UE_5.8\Engine\Source\Runtime\Core\Public\Misc\UEOps.h(189,67): note: 未满足约束
	requires UE::Core::Private::CWithUEOpEquals<LhsType, RhsType> || UE::Core::Private::CWithUEOpEquals<RhsType, LhsType>
	                                                                 ^
F:\GameStudy\UE_5.8\Engine\Source\Runtime\Core\Public\Misc\UEOps.h(190,41): note: 或 "bool operator ==(const LhsType &,const RhsType &)" [综合表达式 "y == x"]
[[nodiscard]] UE_REWRITE constexpr bool operator==(const LhsType& Lhs, const RhsType& Rhs)
                                        ^
F:\GameStudy\JJK_theHiddenOnes\Source\JJK_theHiddenOnes\Training\FighterCharacter.cpp(155,15): note: 未满足关联约束
	if (GetStance() == EFighterStance::Ranged)
	             ^
F:\GameStudy\UE_5.8\Engine\Source\Runtime\Core\Public\Misc\UEOps.h(189,11): note: 未满足约束
	requires UE::Core::Private::CWithUEOpEquals<LhsType, RhsType> || UE::Core::Private::CWithUEOpEquals<RhsType, LhsType>
	         ^
F:\GameStudy\UE_5.8\Engine\Source\Runtime\Core\Public\Misc\UEOps.h(189,67): note: 未满足约束
	requires UE::Core::Private::CWithUEOpEquals<LhsType, RhsType> || UE::Core::Private::CWithUEOpEquals<RhsType, LhsType>
	                                                                 ^
F:\GameStudy\UE_5.8\Engine\Source\Runtime\Core\Public\Misc\UEOps.h(209,41): note: 或 "bool operator ==(const LhsType &,int UE::Core::Private::FIncomplete::* )" [综合表达式 "y == x"]
[[nodiscard]] UE_REWRITE constexpr bool operator==(const LhsType& Lhs, int UE::Core::Private::FIncomplete::* Rhs)
                                        ^
F:\GameStudy\JJK_theHiddenOnes\Source\JJK_theHiddenOnes\Training\FighterCharacter.cpp(155,15): note: 未满足关联约束
	if (GetStance() == EFighterStance::Ranged)
	             ^
F:\GameStudy\UE_5.8\Engine\Source\Runtime\Core\Public\Misc\UEOps.h(208,11): note: 计算结果为 false 的概念“UE::Core::Private::CWithUEOpEquals<EFighterStance,nullptr>”
	requires UE::Core::Private::CWithUEOpEquals<LhsType, decltype(nullptr)>
	         ^
F:\GameStudy\UE_5.8\Engine\Source\Runtime\Core\Public\Misc\UEOps.h(96,9): note: “.UEOpEquals”的左边必须有类/结构/联合
		{ Lhs.UEOpEquals(Rhs) } -> UE::CSameAs<bool>;
		      ^
F:\GameStudy\UE_5.8\Engine\Source\Runtime\Core\Public\Misc\UEOps.h(96,9): note: 类型为“EFighterStance”
F:\GameStudy\UE_5.8\Engine\Source\Runtime\CoreUObject\Public\UObject\WeakFieldPtr.h(24,6): note: 或 "bool operator ==(const TWeakFieldPtr<T> &,const TWeakFieldPtr<RhsType> &)" [综合表达式 "y == x"]
bool operator==(const TWeakFieldPtr<LhsType>& Lhs, const TWeakFieldPtr<RhsType>& Rhs);
     ^
F:\GameStudy\JJK_theHiddenOnes\Source\JJK_theHiddenOnes\Training\FighterCharacter.cpp(155,15): note: “bool operator ==(const TWeakFieldPtr<T> &,const TWeakFieldPtr<RhsType> &)”: 无法从“EFighterStance”推导出“const TWeakFieldPtr<T> &”的 模板 参数
	if (GetStance() == EFighterStance::Ranged)
	             ^
F:\GameStudy\UE_5.8\Engine\Source\Runtime\CoreUObject\Public\UObject\WeakFieldPtr.h(31,6): note: 或 "bool operator ==(const TWeakFieldPtr<T> &,const RhsType *)" [综合表达式 "y == x"]
bool operator==(const TWeakFieldPtr<LhsType>& Lhs, const RhsType* Rhs);
     ^
F:\GameStudy\JJK_theHiddenOnes\Source\JJK_theHiddenOnes\Training\FighterCharacter.cpp(155,15): note: “bool operator ==(const TWeakFieldPtr<T> &,const RhsType *)”: 无法从“EFighterStance”推导出“const TWeakFieldPtr<T> &”的 模板 参数
	if (GetStance() == EFighterStance::Ranged)
	             ^
F:\GameStudy\UE_5.8\Engine\Source\Runtime\CoreUObject\Public\UObject\WeakFieldPtr.h(38,6): note: 或 "bool operator ==(const LhsType *,const TWeakFieldPtr<RhsType> &)" [综合表达式 "y == x"]
bool operator==(const LhsType* Lhs, const TWeakFieldPtr<RhsType>& Rhs);
     ^
F:\GameStudy\JJK_theHiddenOnes\Source\JJK_theHiddenOnes\Training\FighterCharacter.cpp(155,15): note: “bool operator ==(const LhsType *,const TWeakFieldPtr<RhsType> &)”: 无法从“EFighterStance”推导出“const LhsType *”的 模板 参数
	if (GetStance() == EFighterStance::Ranged)
	             ^
F:\GameStudy\UE_5.8\Engine\Source\Runtime\CoreUObject\Public\UObject\WeakFieldPtr.h(376,26): note: 或 "bool operator ==(const TWeakFieldPtr<T> &,TYPE_OF_NULLPTR)" [综合表达式 "y == x"]
UE_FORCEINLINE_HINT bool operator==(const TWeakFieldPtr<LhsType>& Lhs, TYPE_OF_NULLPTR)
                         ^
F:\GameStudy\JJK_theHiddenOnes\Source\JJK_theHiddenOnes\Training\FighterCharacter.cpp(155,15): note: “bool operator ==(const TWeakFieldPtr<T> &,TYPE_OF_NULLPTR)”: 无法从“EFighterStance”推导出“const TWeakFieldPtr<T> &”的 模板 参数
	if (GetStance() == EFighterStance::Ranged)
	             ^
F:\GameStudy\UE_5.8\Engine\Source\Runtime\CoreUObject\Public\UObject\WeakFieldPtr.h(386,26): note: 或 "bool operator ==(TYPE_OF_NULLPTR,const TWeakFieldPtr<T> &)" [综合表达式 "y == x"]
UE_FORCEINLINE_HINT bool operator==(TYPE_OF_NULLPTR, const TWeakFieldPtr<RhsType>& Rhs)
                         ^
F:\GameStudy\JJK_theHiddenOnes\Source\JJK_theHiddenOnes\Training\FighterCharacter.cpp(155,15): note: “bool operator ==(TYPE_OF_NULLPTR,const TWeakFieldPtr<T> &)”: 无法从“<error type>”推导出“const TWeakFieldPtr<T> &”的 模板 参数
	if (GetStance() == EFighterStance::Ranged)
	             ^
F:\GameStudy\JJK_theHiddenOnes\Source\JJK_theHiddenOnes\Training\FighterCharacter.cpp(159,6): error C3861: “HasCombatTag”: 找不到标识符
	if (HasCombatTag(TAG_State_HitStun) || HasCombatTag(TAG_State_KnockedDown)
	    ^
F:\GameStudy\JJK_theHiddenOnes\Source\JJK_theHiddenOnes\Training\FighterCharacter.cpp(159,41): error C3861: “HasCombatTag”: 找不到标识符
	if (HasCombatTag(TAG_State_HitStun) || HasCombatTag(TAG_State_KnockedDown)
	                                       ^
F:\GameStudy\JJK_theHiddenOnes\Source\JJK_theHiddenOnes\Training\FighterCharacter.cpp(160,6): error C3861: “HasCombatTag”: 找不到标识符
		|| HasCombatTag(TAG_State_StanceSwitching) || HasCombatTag(TAG_State_GuardStun))
		   ^
F:\GameStudy\JJK_theHiddenOnes\Source\JJK_theHiddenOnes\Training\FighterCharacter.cpp(160,49): error C3861: “HasCombatTag”: 找不到标识符
		|| HasCombatTag(TAG_State_StanceSwitching) || HasCombatTag(TAG_State_GuardStun))
		                                              ^
F:\GameStudy\JJK_theHiddenOnes\Source\JJK_theHiddenOnes\Training\FighterCharacter.cpp(167,39): error C2039: "ResolveAttackDefinition": 不是 "AFighterCharacter" 的成员
UAttackDefinition* AFighterCharacter::ResolveAttackDefinition(ECachedAction Action) const
                                      ^
F:\GameStudy\JJK_theHiddenOnes\Source\JJK_theHiddenOnes\Training\FighterCharacter.h(31,7): note: 参见“AFighterCharacter”的声明
class AFighterCharacter : public AJJK_theHiddenOnesCharacter, public IAbilitySystemInterface
      ^
F:\GameStudy\JJK_theHiddenOnes\Source\JJK_theHiddenOnes\Training\FighterCharacter.cpp(167,39): error C2270: “ResolveAttackDefinition”: 非成员函数上不允许修饰符
UAttackDefinition* AFighterCharacter::ResolveAttackDefinition(ECachedAction Action) const
                                      ^
F:\GameStudy\JJK_theHiddenOnes\Source\JJK_theHiddenOnes\Training\FighterCharacter.cpp(169,34): error C3861: “GetDefinition”: 找不到标识符
	const UFighterDefinition* Def = GetDefinition();
	                                ^
F:\GameStudy\JJK_theHiddenOnes\Source\JJK_theHiddenOnes\Training\FighterCharacter.cpp(189,25): error C2511: “bool AFighterCharacter::RequestAttackSequence(ECachedAction)”:“AFighterCharacter”中没有找到重载的成员函数
bool AFighterCharacter::RequestAttackSequence(ECachedAction Action)
                        ^
F:\GameStudy\JJK_theHiddenOnes\Source\JJK_theHiddenOnes\Training\FighterCharacter.h(31,7): note: 参见“AFighterCharacter”的声明
class AFighterCharacter : public AJJK_theHiddenOnesCharacter, public IAbilitySystemInterface
      ^
F:\GameStudy\JJK_theHiddenOnes\Source\JJK_theHiddenOnes\Training\FighterCharacter.cpp(194,3): error C2352: “UObjectBaseUtility::GetName”: 调用非静态成员函数需要一个对象
		UE_LOG(LogTemp, Log, TEXT("[Combat] %s 攻击序列缺少定义（%d）"), *GetName(), static_cast<int32>(Action));
		^
F:\GameStudy\UE_5.8\Engine\Source\Runtime\CoreUObject\Public\UObject\UObjectBaseUtility.h(453,30): note: 参见“UObjectBaseUtility::GetName”的声明
	UE_FORCEINLINE_HINT FString GetName() const
	                            ^
F:\GameStudy\JJK_theHiddenOnes\Source\JJK_theHiddenOnes\Training\FighterCharacter.cpp(202,46): error C2352: “AFighterCharacter::GetDefinition”: 调用非静态成员函数需要一个对象
	if (Action == ECachedAction::NextSegment && GetDefinition() != nullptr)
	                                            ^
F:\GameStudy\JJK_theHiddenOnes\Source\JJK_theHiddenOnes\Training\FighterCharacter.h(51,22): note: 参见“AFighterCharacter::GetDefinition”的声明
	UFighterDefinition* GetDefinition() const { return Definition; }
	                    ^
F:\GameStudy\JJK_theHiddenOnes\Source\JJK_theHiddenOnes\Training\FighterCharacter.cpp(204,33): error C2352: “AFighterCharacter::GetDefinition”: 调用非静态成员函数需要一个对象
		for (UAttackDefinition* Seg : GetDefinition()->ComboSegments)
		                              ^
F:\GameStudy\JJK_theHiddenOnes\Source\JJK_theHiddenOnes\Training\FighterCharacter.h(51,22): note: 参见“AFighterCharacter::GetDefinition”的声明
	UFighterDefinition* GetDefinition() const { return Definition; }
	                    ^
F:\GameStudy\JJK_theHiddenOnes\Source\JJK_theHiddenOnes\Training\FighterCharacter.cpp(204,31): error C2143: 语法错误: 缺少“;”(在“:”的前面)
		for (UAttackDefinition* Seg : GetDefinition()->ComboSegments)
		                            ^
F:\GameStudy\JJK_theHiddenOnes\Source\JJK_theHiddenOnes\Training\FighterCharacter.cpp(204,63): error C2143: 语法错误: 缺少“;”(在“)”的前面)
		for (UAttackDefinition* Seg : GetDefinition()->ComboSegments)
		                                                            ^
F:\GameStudy\JJK_theHiddenOnes\Source\JJK_theHiddenOnes\Training\FighterCharacter.cpp(213,2): error C2597: 对非静态成员“AFighterCharacter::PendingSegmentIndex”的非法引用
	PendingSegmentIndex = 0;
	^
F:\GameStudy\JJK_theHiddenOnes\Source\JJK_theHiddenOnes\Training\FighterCharacter.h(272,8): note: 参见“AFighterCharacter::PendingSegmentIndex”的声明
	int32 PendingSegmentIndex = 0;
	      ^
F:\GameStudy\JJK_theHiddenOnes\Source\JJK_theHiddenOnes\Training\FighterCharacter.cpp(214,9): error C2597: 对非静态成员“AFighterCharacter::AbilitySystem”的非法引用
	return AbilitySystem != nullptr && AbilitySystem->TryActivateAbilityByClass(GetMeleeAttackAbilityClass());
	       ^
F:\GameStudy\JJK_theHiddenOnes\Source\JJK_theHiddenOnes\Training\FighterCharacter.cpp(214,9): note: 参见“AFighterCharacter::AbilitySystem”的声明
F:\GameStudy\JJK_theHiddenOnes\Source\JJK_theHiddenOnes\Training\FighterCharacter.cpp(214,9): error C3867: “AFighterCharacter::AbilitySystem”: 非标准语法；请使用 "&" 来创建指向成员的指针
F:\GameStudy\JJK_theHiddenOnes\Source\JJK_theHiddenOnes\Training\FighterCharacter.cpp(214,9): error C2568: “!=”: 无法解析函数重载
F:\GameStudy\JJK_theHiddenOnes\Source\JJK_theHiddenOnes\Training\FighterCharacter.cpp(214,78): error C2352: “AFighterCharacter::GetMeleeAttackAbilityClass”: 调用非静态成员函数需要一个对象
	return AbilitySystem != nullptr && AbilitySystem->TryActivateAbilityByClass(GetMeleeAttackAbilityClass());
	                                                                            ^
F:\GameStudy\JJK_theHiddenOnes\Source\JJK_theHiddenOnes\Training\FighterCharacter.cpp(140,50): note: 参见“AFighterCharacter::GetMeleeAttackAbilityClass”的声明
TSubclassOf<UGameplayAbility> AFighterCharacter::GetMeleeAttackAbilityClass() const
                                                 ^
F:\GameStudy\JJK_theHiddenOnes\Source\JJK_theHiddenOnes\Training\FighterCharacter.cpp(217,25): error C2511: “bool AFighterCharacter::ConsumePendingSequence(TArray<UAttackDefinition *,TSizedDefaultAllocator<32>> &,int32 &)”:“AFighterCharacter”中没有找到重载的成员函数
bool AFighterCharacter::ConsumePendingSequence(TArray<UAttackDefinition*>& OutSequence, int32& OutSegmentIndex)
                        ^
F:\GameStudy\JJK_theHiddenOnes\Source\JJK_theHiddenOnes\Training\FighterCharacter.h(31,7): note: 参见“AFighterCharacter”的声明
class AFighterCharacter : public AJJK_theHiddenOnesCharacter, public IAbilitySystemInterface
      ^
F:\GameStudy\JJK_theHiddenOnes\Source\JJK_theHiddenOnes\Training\FighterCharacter.cpp(223,16): error C2597: 对非静态成员“AFighterCharacter::PendingSequence”的非法引用
	OutSequence = PendingSequence;
	              ^
F:\GameStudy\JJK_theHiddenOnes\Source\JJK_theHiddenOnes\Training\FighterCharacter.h(271,29): note: 参见“AFighterCharacter::PendingSequence”的声明
	TArray<UAttackDefinition*> PendingSequence;
	                           ^
F:\GameStudy\JJK_theHiddenOnes\Source\JJK_theHiddenOnes\Training\FighterCharacter.cpp(223,16): note: 模板实例化上下文(最早的实例化上下文)为
	OutSequence = PendingSequence;
	              ^
F:\GameStudy\JJK_theHiddenOnes\Source\JJK_theHiddenOnes\Training\FighterCharacter.cpp(223,2): note: 在编译 类 模板 成员函数“TArray<UAttackDefinition *,TSizedDefaultAllocator<32>> &TArray<UAttackDefinition *,TSizedDefaultAllocator<32>>::operator =(TArray<UAttackDefinition *,TSizedDefaultAllocator<32>> &&)”时
	OutSequence = PendingSequence;
	^
F:\GameStudy\JJK_theHiddenOnes\Source\JJK_theHiddenOnes\Training\FighterCharacter.cpp(224,20): error C2597: 对非静态成员“AFighterCharacter::PendingSegmentIndex”的非法引用
	OutSegmentIndex = PendingSegmentIndex;
	                  ^
F:\GameStudy\JJK_theHiddenOnes\Source\JJK_theHiddenOnes\Training\FighterCharacter.cpp(224,20): note: 参见“AFighterCharacter::PendingSegmentIndex”的声明
F:\GameStudy\JJK_theHiddenOnes\Source\JJK_theHiddenOnes\Training\FighterCharacter.cpp(224,20): error C3867: “AFighterCharacter::PendingSegmentIndex”: 非标准语法；请使用 "&" 来创建指向成员的指针
F:\GameStudy\JJK_theHiddenOnes\Source\JJK_theHiddenOnes\Training\FighterCharacter.cpp(224,20): error C2568: “=”: 无法解析函数重载
F:\GameStudy\JJK_theHiddenOnes\Source\JJK_theHiddenOnes\Training\FighterCharacter.cpp(226,2): error C2597: 对非静态成员“AFighterCharacter::PendingSegmentIndex”的非法引用
	PendingSegmentIndex = 0;
	^
F:\GameStudy\JJK_theHiddenOnes\Source\JJK_theHiddenOnes\Training\FighterCharacter.h(272,8): note: 参见“AFighterCharacter::PendingSegmentIndex”的声明
	int32 PendingSegmentIndex = 0;
	      ^
F:\GameStudy\JJK_theHiddenOnes\Source\JJK_theHiddenOnes\Training\FighterCharacter.cpp(230,25): error C2084: 函数“void AFighterCharacter::SetPendingSequenceSegment(int32)”已有主体
void AFighterCharacter::SetPendingSequenceSegment(int32 Index)
                        ^
F:\GameStudy\JJK_theHiddenOnes\Source\JJK_theHiddenOnes\Training\FighterCharacter.h(156,7): note: 参见“AFighterCharacter::SetPendingSequenceSegment”的前一个定义
	void SetPendingSequenceSegment(int32 Index) { PendingSegmentIndex = Index; }
	     ^
F:\GameStudy\JJK_theHiddenOnes\Source\JJK_theHiddenOnes\Training\FighterCharacter.cpp(256,67): error C2653: “UModifyActionResourceGameplayEffect”: 不是类或命名空间名称
	FGameplayEffectSpecHandle Spec = AbilitySystem->MakeOutgoingSpec(UModifyActionResourceGameplayEffect::StaticClass(), 1.f, AbilitySystem->MakeEffectContext());
	                                                                 ^
F:\GameStudy\JJK_theHiddenOnes\Source\JJK_theHiddenOnes\Training\FighterCharacter.cpp(272,56): error C2065: “ResourceRegen”: 未声明的标识符
	if (Current < Max && (Now - LastResourceSpendTime) >= ResourceRegen.RegenDelay)
	                                                      ^
F:\GameStudy\JJK_theHiddenOnes\Source\JJK_theHiddenOnes\Training\FighterCharacter.cpp(274,25): error C2065: “ResourceRegen”: 未声明的标识符
		RestoreActionResource(ResourceRegen.RegenPerSecond * ResourceRegenTimerInterval);
		                      ^
F:\GameStudy\JJK_theHiddenOnes\Source\JJK_theHiddenOnes\Training\FighterCharacter.cpp(280,18): error C2664: “bool AFighterCharacter::HasCombatTag(const int) const”: 无法将参数 1 从“FNativeGameplayTag”转换为“const int”
	if (IsDead() || HasCombatTag(TAG_State_HitStun) || HasCombatTag(TAG_State_KnockedDown)
	                ^
F:\GameStudy\JJK_theHiddenOnes\Source\JJK_theHiddenOnes\Training\FighterCharacter.cpp(280,31): note: 没有可用于执行该转换的用户定义的转换运算符，或者无法调用该运算符
	if (IsDead() || HasCombatTag(TAG_State_HitStun) || HasCombatTag(TAG_State_KnockedDown)
	                             ^
F:\GameStudy\JJK_theHiddenOnes\Source\JJK_theHiddenOnes\Training\FighterCharacter.h(135,7): note: 参见“AFighterCharacter::HasCombatTag”的声明
	bool HasCombatTag(const FGameplayTag& Tag) const;
	     ^
F:\GameStudy\JJK_theHiddenOnes\Source\JJK_theHiddenOnes\Training\FighterCharacter.cpp(280,18): note: 尝试匹配参数列表“(FNativeGameplayTag)”时
	if (IsDead() || HasCombatTag(TAG_State_HitStun) || HasCombatTag(TAG_State_KnockedDown)
	                ^
F:\GameStudy\JJK_theHiddenOnes\Source\JJK_theHiddenOnes\Training\FighterCharacter.cpp(280,53): error C2664: “bool AFighterCharacter::HasCombatTag(const int) const”: 无法将参数 1 从“FNativeGameplayTag”转换为“const int”
	if (IsDead() || HasCombatTag(TAG_State_HitStun) || HasCombatTag(TAG_State_KnockedDown)
	                                                   ^
F:\GameStudy\JJK_theHiddenOnes\Source\JJK_theHiddenOnes\Training\FighterCharacter.cpp(280,66): note: 没有可用于执行该转换的用户定义的转换运算符，或者无法调用该运算符
	if (IsDead() || HasCombatTag(TAG_State_HitStun) || HasCombatTag(TAG_State_KnockedDown)
	                                                                ^
F:\GameStudy\JJK_theHiddenOnes\Source\JJK_theHiddenOnes\Training\FighterCharacter.h(135,7): note: 参见“AFighterCharacter::HasCombatTag”的声明
	bool HasCombatTag(const FGameplayTag& Tag) const;
	     ^
F:\GameStudy\JJK_theHiddenOnes\Source\JJK_theHiddenOnes\Training\FighterCharacter.cpp(280,53): note: 尝试匹配参数列表“(FNativeGameplayTag)”时
	if (IsDead() || HasCombatTag(TAG_State_HitStun) || HasCombatTag(TAG_State_KnockedDown)
	                                                   ^
F:\GameStudy\JJK_theHiddenOnes\Source\JJK_theHiddenOnes\Training\FighterCharacter.cpp(281,6): error C2664: “bool AFighterCharacter::HasCombatTag(const int) const”: 无法将参数 1 从“FNativeGameplayTag”转换为“const int”
		|| HasCombatTag(TAG_State_GuardStun) || HasCombatTag(TAG_State_DodgeRecovery)
		   ^
F:\GameStudy\JJK_theHiddenOnes\Source\JJK_theHiddenOnes\Training\FighterCharacter.cpp(281,19): note: 没有可用于执行该转换的用户定义的转换运算符，或者无法调用该运算符
		|| HasCombatTag(TAG_State_GuardStun) || HasCombatTag(TAG_State_DodgeRecovery)
		                ^
F:\GameStudy\JJK_theHiddenOnes\Source\JJK_theHiddenOnes\Training\FighterCharacter.h(135,7): note: 参见“AFighterCharacter::HasCombatTag”的声明
	bool HasCombatTag(const FGameplayTag& Tag) const;
	     ^
F:\GameStudy\JJK_theHiddenOnes\Source\JJK_theHiddenOnes\Training\FighterCharacter.cpp(281,6): note: 尝试匹配参数列表“(FNativeGameplayTag)”时
		|| HasCombatTag(TAG_State_GuardStun) || HasCombatTag(TAG_State_DodgeRecovery)
		   ^
F:\GameStudy\JJK_theHiddenOnes\Source\JJK_theHiddenOnes\Training\FighterCharacter.cpp(281,43): error C2664: “bool AFighterCharacter::HasCombatTag(const int) const”: 无法将参数 1 从“FNativeGameplayTag”转换为“const int”
		|| HasCombatTag(TAG_State_GuardStun) || HasCombatTag(TAG_State_DodgeRecovery)
		                                        ^
F:\GameStudy\JJK_theHiddenOnes\Source\JJK_theHiddenOnes\Training\FighterCharacter.cpp(281,56): note: 没有可用于执行该转换的用户定义的转换运算符，或者无法调用该运算符
		|| HasCombatTag(TAG_State_GuardStun) || HasCombatTag(TAG_State_DodgeRecovery)
		                                                     ^
F:\GameStudy\JJK_theHiddenOnes\Source\JJK_theHiddenOnes\Training\FighterCharacter.h(135,7): note: 参见“AFighterCharacter::HasCombatTag”的声明
	bool HasCombatTag(const FGameplayTag& Tag) const;
	     ^
F:\GameStudy\JJK_theHiddenOnes\Source\JJK_theHiddenOnes\Training\FighterCharacter.cpp(281,43): note: 尝试匹配参数列表“(FNativeGameplayTag)”时
		|| HasCombatTag(TAG_State_GuardStun) || HasCombatTag(TAG_State_DodgeRecovery)
		                                        ^
F:\GameStudy\JJK_theHiddenOnes\Source\JJK_theHiddenOnes\Training\FighterCharacter.cpp(282,6): error C2664: “bool AFighterCharacter::HasCombatTag(const int) const”: 无法将参数 1 从“FNativeGameplayTag”转换为“const int”
		|| HasCombatTag(TAG_State_StanceSwitching) || IsThrowPaired())
		   ^
F:\GameStudy\JJK_theHiddenOnes\Source\JJK_theHiddenOnes\Training\FighterCharacter.cpp(282,19): note: 没有可用于执行该转换的用户定义的转换运算符，或者无法调用该运算符
		|| HasCombatTag(TAG_State_StanceSwitching) || IsThrowPaired())
		                ^
F:\GameStudy\JJK_theHiddenOnes\Source\JJK_theHiddenOnes\Training\FighterCharacter.h(135,7): note: 参见“AFighterCharacter::HasCombatTag”的声明
	bool HasCombatTag(const FGameplayTag& Tag) const;
	     ^
F:\GameStudy\JJK_theHiddenOnes\Source\JJK_theHiddenOnes\Training\FighterCharacter.cpp(282,6): note: 尝试匹配参数列表“(FNativeGameplayTag)”时
		|| HasCombatTag(TAG_State_StanceSwitching) || IsThrowPaired())
		   ^
F:\GameStudy\JJK_theHiddenOnes\Source\JJK_theHiddenOnes\Training\FighterCharacter.cpp(300,2): error C2065: “PendingDodge”: 未声明的标识符
	PendingDodge.Direction = Direction;
	^
F:\GameStudy\JJK_theHiddenOnes\Source\JJK_theHiddenOnes\Training\FighterCharacter.cpp(301,2): error C2065: “PendingDodge”: 未声明的标识符
	PendingDodge.bCancel = bCancel;
	^
F:\GameStudy\JJK_theHiddenOnes\Source\JJK_theHiddenOnes\Training\FighterCharacter.cpp(318,35): error C2664: “bool AFighterCharacter::HasCombatTag(const int) const”: 无法将参数 1 从“FNativeGameplayTag”转换为“const int”
	if (IsDead() || IsAttacking() || HasCombatTag(TAG_State_HitStun)
	                                 ^
F:\GameStudy\JJK_theHiddenOnes\Source\JJK_theHiddenOnes\Training\FighterCharacter.cpp(318,48): note: 没有可用于执行该转换的用户定义的转换运算符，或者无法调用该运算符
	if (IsDead() || IsAttacking() || HasCombatTag(TAG_State_HitStun)
	                                              ^
F:\GameStudy\JJK_theHiddenOnes\Source\JJK_theHiddenOnes\Training\FighterCharacter.h(135,7): note: 参见“AFighterCharacter::HasCombatTag”的声明
	bool HasCombatTag(const FGameplayTag& Tag) const;
	     ^
F:\GameStudy\JJK_theHiddenOnes\Source\JJK_theHiddenOnes\Training\FighterCharacter.cpp(318,35): note: 尝试匹配参数列表“(FNativeGameplayTag)”时
	if (IsDead() || IsAttacking() || HasCombatTag(TAG_State_HitStun)
	                                 ^
F:\GameStudy\JJK_theHiddenOnes\Source\JJK_theHiddenOnes\Training\FighterCharacter.cpp(319,6): error C2664: “bool AFighterCharacter::HasCombatTag(const int) const”: 无法将参数 1 从“FNativeGameplayTag”转换为“const int”
		|| HasCombatTag(TAG_State_KnockedDown) || HasCombatTag(TAG_State_StanceSwitching)
		   ^
F:\GameStudy\JJK_theHiddenOnes\Source\JJK_theHiddenOnes\Training\FighterCharacter.cpp(319,19): note: 没有可用于执行该转换的用户定义的转换运算符，或者无法调用该运算符
		|| HasCombatTag(TAG_State_KnockedDown) || HasCombatTag(TAG_State_StanceSwitching)
		                ^
F:\GameStudy\JJK_theHiddenOnes\Source\JJK_theHiddenOnes\Training\FighterCharacter.h(135,7): note: 参见“AFighterCharacter::HasCombatTag”的声明
	bool HasCombatTag(const FGameplayTag& Tag) const;
	     ^
F:\GameStudy\JJK_theHiddenOnes\Source\JJK_theHiddenOnes\Training\FighterCharacter.cpp(319,6): note: 尝试匹配参数列表“(FNativeGameplayTag)”时
		|| HasCombatTag(TAG_State_KnockedDown) || HasCombatTag(TAG_State_StanceSwitching)
		   ^
F:\GameStudy\JJK_theHiddenOnes\Source\JJK_theHiddenOnes\Training\FighterCharacter.cpp(319,45): error C2664: “bool AFighterCharacter::HasCombatTag(const int) const”: 无法将参数 1 从“FNativeGameplayTag”转换为“const int”
		|| HasCombatTag(TAG_State_KnockedDown) || HasCombatTag(TAG_State_StanceSwitching)
		                                          ^
F:\GameStudy\JJK_theHiddenOnes\Source\JJK_theHiddenOnes\Training\FighterCharacter.cpp(319,58): note: 没有可用于执行该转换的用户定义的转换运算符，或者无法调用该运算符
		|| HasCombatTag(TAG_State_KnockedDown) || HasCombatTag(TAG_State_StanceSwitching)
		                                                       ^
F:\GameStudy\JJK_theHiddenOnes\Source\JJK_theHiddenOnes\Training\FighterCharacter.h(135,7): note: 参见“AFighterCharacter::HasCombatTag”的声明
	bool HasCombatTag(const FGameplayTag& Tag) const;
	     ^
F:\GameStudy\JJK_theHiddenOnes\Source\JJK_theHiddenOnes\Training\FighterCharacter.cpp(319,45): note: 尝试匹配参数列表“(FNativeGameplayTag)”时
		|| HasCombatTag(TAG_State_KnockedDown) || HasCombatTag(TAG_State_StanceSwitching)
		                                          ^
F:\GameStudy\JJK_theHiddenOnes\Source\JJK_theHiddenOnes\Training\FighterCharacter.cpp(344,26): error C2039: "GetGuardFrontArcHalfAngle": 不是 "AFighterCharacter" 的成员
float AFighterCharacter::GetGuardFrontArcHalfAngle() const
                         ^
F:\GameStudy\JJK_theHiddenOnes\Source\JJK_theHiddenOnes\Training\FighterCharacter.h(31,7): note: 参见“AFighterCharacter”的声明
class AFighterCharacter : public AJJK_theHiddenOnesCharacter, public IAbilitySystemInterface
      ^
F:\GameStudy\JJK_theHiddenOnes\Source\JJK_theHiddenOnes\Training\FighterCharacter.cpp(344,26): error C2270: “GetGuardFrontArcHalfAngle”: 非成员函数上不允许修饰符
float AFighterCharacter::GetGuardFrontArcHalfAngle() const
                         ^
F:\GameStudy\JJK_theHiddenOnes\Source\JJK_theHiddenOnes\Training\FighterCharacter.cpp(346,9): error C2065: “Definition”: 未声明的标识符
	return Definition ? Definition->GuardConfig.FrontArcHalfAngle : 90.f;
	       ^
F:\GameStudy\JJK_theHiddenOnes\Source\JJK_theHiddenOnes\Training\FighterCharacter.cpp(346,22): error C2065: “Definition”: 未声明的标识符
	return Definition ? Definition->GuardConfig.FrontArcHalfAngle : 90.f;
	                    ^
F:\GameStudy\JJK_theHiddenOnes\Source\JJK_theHiddenOnes\Training\FighterCharacter.cpp(349,25): error C2039: "IsAttackFromFront": 不是 "AFighterCharacter" 的成员
bool AFighterCharacter::IsAttackFromFront(AActor* Attacker, float HalfAngleDeg) const
                        ^
F:\GameStudy\JJK_theHiddenOnes\Source\JJK_theHiddenOnes\Training\FighterCharacter.h(31,7): note: 参见“AFighterCharacter”的声明
class AFighterCharacter : public AJJK_theHiddenOnesCharacter, public IAbilitySystemInterface
      ^
F:\GameStudy\JJK_theHiddenOnes\Source\JJK_theHiddenOnes\Training\FighterCharacter.cpp(349,25): error C2270: “IsAttackFromFront”: 非成员函数上不允许修饰符
bool AFighterCharacter::IsAttackFromFront(AActor* Attacker, float HalfAngleDeg) const
                        ^
F:\GameStudy\JJK_theHiddenOnes\Source\JJK_theHiddenOnes\Training\FighterCharacter.cpp(355,60): error C3861: “GetActorLocation”: 找不到标识符
	const FVector ToAttacker = Attacker->GetActorLocation() - GetActorLocation();
	                                                          ^
F:\GameStudy\JJK_theHiddenOnes\Source\JJK_theHiddenOnes\Training\FighterCharacter.cpp(356,12): error C3892: “ToAttacker”: 不能给常量赋值
	ToAttacker.Z = 0.f;
	          ^
F:\GameStudy\JJK_theHiddenOnes\Source\JJK_theHiddenOnes\Training\FighterCharacter.cpp(361,20): error C3861: “GetActorForwardVector”: 找不到标识符
	FVector Forward = GetActorForwardVector();
	                  ^
F:\GameStudy\JJK_theHiddenOnes\Source\JJK_theHiddenOnes\Training\FighterCharacter.cpp(367,25): error C2039: "CanThrowTarget": 不是 "AFighterCharacter" 的成员
bool AFighterCharacter::CanThrowTarget(AFighterCharacter* Target, bool bAttackCanThrow)
                        ^
F:\GameStudy\JJK_theHiddenOnes\Source\JJK_theHiddenOnes\Training\FighterCharacter.h(31,7): note: 参见“AFighterCharacter”的声明
class AFighterCharacter : public AJJK_theHiddenOnesCharacter, public IAbilitySystemInterface
      ^
F:\GameStudy\JJK_theHiddenOnes\Source\JJK_theHiddenOnes\Training\FighterCharacter.cpp(369,47): error C2065: “Definition”: 未声明的标识符
	if (!bAttackCanThrow || Target == nullptr || Definition == nullptr)
	                                             ^
F:\GameStudy\JJK_theHiddenOnes\Source\JJK_theHiddenOnes\Training\FighterCharacter.cpp(374,27): error C3861: “GetActorLocation”: 找不到标识符
	if (FVector::DistSquared(GetActorLocation(), Target->GetActorLocation()) > FMath::Square(Definition->ThrowConfig.MaxDistance))
	                         ^
F:\GameStudy\JJK_theHiddenOnes\Source\JJK_theHiddenOnes\Training\FighterCharacter.cpp(374,91): error C2065: “Definition”: 未声明的标识符
	if (FVector::DistSquared(GetActorLocation(), Target->GetActorLocation()) > FMath::Square(Definition->ThrowConfig.MaxDistance))
	                                                                                         ^
F:\GameStudy\JJK_theHiddenOnes\Source\JJK_theHiddenOnes\Training\FighterCharacter.cpp(374,84): error C2672: “FMath::Square”: 未找到匹配的重载函数
	if (FVector::DistSquared(GetActorLocation(), Target->GetActorLocation()) > FMath::Square(Definition->ThrowConfig.MaxDistance))
	                                                                                  ^
F:\GameStudy\UE_5.8\Engine\Source\Runtime\Core\Public\Math\UnrealMathUtility.h(578,55): note: 可能是“T FMath::Square(const T)”
	[[nodiscard]] static constexpr UE_FORCEINLINE_HINT T Square( const T A )
	                                                     ^
F:\GameStudy\JJK_theHiddenOnes\Source\JJK_theHiddenOnes\Training\FighterCharacter.cpp(378,7): error C3861: “GetCharacterMovement”: 找不到标识符
	if (!GetCharacterMovement()->IsMovingOnGround() || !Target->GetCharacterMovement()->IsMovingOnGround())
	     ^
F:\GameStudy\JJK_theHiddenOnes\Source\JJK_theHiddenOnes\Training\FighterCharacter.cpp(382,6): error C3861: “IsThrowPaired”: 找不到标识符
	if (IsThrowPaired() || Target->IsThrowPaired() || Target->IsDead() || Target->HasCombatTag(TAG_State_KnockedDown))
	    ^
F:\GameStudy\JJK_theHiddenOnes\Source\JJK_theHiddenOnes\Training\FighterCharacter.cpp(382,80): error C2664: “bool AFighterCharacter::HasCombatTag(const int) const”: 无法将参数 1 从“FNativeGameplayTag”转换为“const int”
	if (IsThrowPaired() || Target->IsThrowPaired() || Target->IsDead() || Target->HasCombatTag(TAG_State_KnockedDown))
	                                                                              ^
F:\GameStudy\JJK_theHiddenOnes\Source\JJK_theHiddenOnes\Training\FighterCharacter.cpp(382,93): note: 没有可用于执行该转换的用户定义的转换运算符，或者无法调用该运算符
	if (IsThrowPaired() || Target->IsThrowPaired() || Target->IsDead() || Target->HasCombatTag(TAG_State_KnockedDown))
	                                                                                           ^
F:\GameStudy\JJK_theHiddenOnes\Source\JJK_theHiddenOnes\Training\FighterCharacter.h(135,7): note: 参见“AFighterCharacter::HasCombatTag”的声明
	bool HasCombatTag(const FGameplayTag& Tag) const;
	     ^
F:\GameStudy\JJK_theHiddenOnes\Source\JJK_theHiddenOnes\Training\FighterCharacter.cpp(382,80): note: 尝试匹配参数列表“(FNativeGameplayTag)”时
	if (IsThrowPaired() || Target->IsThrowPaired() || Target->IsDead() || Target->HasCombatTag(TAG_State_KnockedDown))
	                                                                              ^
F:\GameStudy\JJK_theHiddenOnes\Source\JJK_theHiddenOnes\Training\FighterCharacter.cpp(419,2): error C2664: “bool AActor::SetActorLocation(const FVector &,bool,FHitResult *,ETeleportType)”: 无法将参数 3 从“bool”转换为“FHitResult *”
	SetActorLocation(FVector(AttackerPos.X, AttackerPos.Y, GetActorLocation().Z), false, true);
	^
F:\GameStudy\JJK_theHiddenOnes\Source\JJK_theHiddenOnes\Training\FighterCharacter.cpp(419,87): note: 从整型类型转换为指针类型需要 reinterpret_cast、C 样式转换或带圆括号的函数样式强制转换
	SetActorLocation(FVector(AttackerPos.X, AttackerPos.Y, GetActorLocation().Z), false, true);
	                                                                                     ^
F:\GameStudy\UE_5.8\Engine\Source\Runtime\Engine\Classes\GameFramework\Actor.h(1636,18): note: 参见“AActor::SetActorLocation”的声明
	ENGINE_API bool SetActorLocation(const FVector& NewLocation, bool bSweep=false, FHitResult* OutSweepHitResult=nullptr, ETeleportType Teleport = ETeleportType::None);
	                ^
F:\GameStudy\JJK_theHiddenOnes\Source\JJK_theHiddenOnes\Training\FighterCharacter.cpp(419,2): note: 尝试匹配参数列表“(FVector, bool, bool)”时
	SetActorLocation(FVector(AttackerPos.X, AttackerPos.Y, GetActorLocation().Z), false, true);
	^
F:\GameStudy\JJK_theHiddenOnes\Source\JJK_theHiddenOnes\Training\FighterCharacter.cpp(552,32): error C3861: “ResolveCurrentAttackDefinition”: 找不到标识符
		if (UAttackDefinition* Seg = ResolveCurrentAttackDefinition())
		                             ^
F:\GameStudy\JJK_theHiddenOnes\Source\JJK_theHiddenOnes\Training\FighterCharacter.cpp(580,39): error C2039: "ResolveCurrentAttackDefinition": 不是 "AFighterCharacter" 的成员
UAttackDefinition* AFighterCharacter::ResolveCurrentAttackDefinition() const
                                      ^
F:\GameStudy\JJK_theHiddenOnes\Source\JJK_theHiddenOnes\Training\FighterCharacter.h(31,7): note: 参见“AFighterCharacter”的声明
class AFighterCharacter : public AJJK_theHiddenOnesCharacter, public IAbilitySystemInterface
      ^
F:\GameStudy\JJK_theHiddenOnes\Source\JJK_theHiddenOnes\Training\FighterCharacter.cpp(580,39): fatal error C1003: 错误计数超过 100；正在停止编译
UAttackDefinition* AFighterCharacter::ResolveCurrentAttackDefinition() const
                                      ^
[8/15] Compile [x64] FighterDefinition.cpp
[9/15] Compile [x64] MeleeComboAbility.cpp
F:\GameStudy\JJK_theHiddenOnes\Source\JJK_theHiddenOnes\Training\FighterCharacter.h(274,10): error C2086: “FVector AFighterCharacter::LastMoveInputDirection”: 重定义
	FVector LastMoveInputDirection = FVector::ZeroVector;
	        ^
F:\GameStudy\JJK_theHiddenOnes\Source\JJK_theHiddenOnes\Training\FighterCharacter.h(282,7): error C2535: “bool AFighterCharacter::HasCombatTag(const FGameplayTag &) const”: 已经定义或声明成员函数
	bool HasCombatTag(const FGameplayTag& Tag) const;
	     ^
F:\GameStudy\JJK_theHiddenOnes\Source\JJK_theHiddenOnes\Training\FighterCharacter.h(135,7): note: 参见“AFighterCharacter::HasCombatTag”的声明
	bool HasCombatTag(const FGameplayTag& Tag) const;
	     ^
F:\GameStudy\JJK_theHiddenOnes\Source\JJK_theHiddenOnes\Training\FighterCharacter.h(283,21): error C2535: “UAttackDefinition *AFighterCharacter::ResolveCurrentAttackDefinition(void) const”: 已经定义或声明成员函数
	UAttackDefinition* ResolveCurrentAttackDefinition() const;
	                   ^
F:\GameStudy\JJK_theHiddenOnes\Source\JJK_theHiddenOnes\Training\FighterCharacter.h(136,21): note: 参见“AFighterCharacter::ResolveCurrentAttackDefinition”的声明
	UAttackDefinition* ResolveCurrentAttackDefinition() const;
	                   ^
F:\GameStudy\JJK_theHiddenOnes\Source\JJK_theHiddenOnes\Training\FighterCharacter.h(284,16): error C2535: “UAnimMontage *AFighterCharacter::GetHitReactMontage(void) const”: 已经定义或声明成员函数
	UAnimMontage* GetHitReactMontage() const;
	              ^
F:\GameStudy\JJK_theHiddenOnes\Source\JJK_theHiddenOnes\Training\FighterCharacter.h(137,16): note: 参见“AFighterCharacter::GetHitReactMontage”的声明
	UAnimMontage* GetHitReactMontage() const;
	              ^
F:\GameStudy\JJK_theHiddenOnes\Source\JJK_theHiddenOnes\Training\FighterCharacter.h(285,7): error C2535: “bool AFighterCharacter::ModifyActionResource(float)”: 已经定义或声明成员函数
	bool ModifyActionResource(float SignedAmount);
	     ^
F:\GameStudy\JJK_theHiddenOnes\Source\JJK_theHiddenOnes\Training\FighterCharacter.h(138,7): note: 参见“AFighterCharacter::ModifyActionResource”的声明
	bool ModifyActionResource(float SignedAmount);
	     ^
F:\GameStudy\JJK_theHiddenOnes\Source\JJK_theHiddenOnes\Training\FighterCharacter.h(286,7): error C2535: “void AFighterCharacter::TickResourceRegen(void)”: 已经定义或声明成员函数
	void TickResourceRegen();
	     ^
F:\GameStudy\JJK_theHiddenOnes\Source\JJK_theHiddenOnes\Training\FighterCharacter.h(139,7): note: 参见“AFighterCharacter::TickResourceRegen”的声明
	void TickResourceRegen();
	     ^
F:\GameStudy\JJK_theHiddenOnes\Source\JJK_theHiddenOnes\Training\FighterCharacter.h(149,29): error C2065: “PendingDodge”: 未声明的标识符
	void ClearPendingDodge() { PendingDodge.bPending = false; }
	                           ^
F:\GameStudy\JJK_theHiddenOnes\Source\JJK_theHiddenOnes\Training\MeleeComboAbility.cpp(41,26): error C2039: "InstanceMatches": 不是 "UMeleeComboAbility" 的成员
bool UMeleeComboAbility::InstanceMatches() const
                         ^
F:\GameStudy\JJK_theHiddenOnes\Source\JJK_theHiddenOnes\Training\MeleeComboAbility.h(21,7): note: 参见“UMeleeComboAbility”的声明
class UMeleeComboAbility : public UGameplayAbility
      ^
F:\GameStudy\JJK_theHiddenOnes\Source\JJK_theHiddenOnes\Training\MeleeComboAbility.cpp(41,26): error C2270: “InstanceMatches”: 非成员函数上不允许修饰符
bool UMeleeComboAbility::InstanceMatches() const
                         ^
F:\GameStudy\JJK_theHiddenOnes\Source\JJK_theHiddenOnes\Training\MeleeComboAbility.cpp(43,37): error C2065: “CachedFighter”: 未声明的标识符
	const AFighterCharacter* Fighter = CachedFighter.Get();
	                                   ^
F:\GameStudy\JJK_theHiddenOnes\Source\JJK_theHiddenOnes\Training\MeleeComboAbility.cpp(45,27): error C2065: “bInstanceActive”: 未声明的标识符
	return Hit != nullptr && bInstanceActive && Hit->GetActiveInstanceId() == AttackInstanceId;
	                         ^
F:\GameStudy\JJK_theHiddenOnes\Source\JJK_theHiddenOnes\Training\MeleeComboAbility.cpp(45,76): error C2065: “AttackInstanceId”: 未声明的标识符
	return Hit != nullptr && bInstanceActive && Hit->GetActiveInstanceId() == AttackInstanceId;
	                                                                          ^
F:\GameStudy\JJK_theHiddenOnes\Source\JJK_theHiddenOnes\Training\MeleeComboAbility.cpp(90,16): error C2664: “bool AFighterCharacter::ConsumePendingSequence(TArray<UAttackDefinition *,TSizedDefaultAllocator<32>> &,int32 &)”: 无法将参数 1 从“TArray<TObjectPtr<UAttackDefinition>,FDefaultAllocator>”转换为“TArray<UAttackDefinition *,TSizedDefaultAllocator<32>> &”
	if (!Fighter->ConsumePendingSequence(SegmentSequence, SegmentIndex))
	              ^
F:\GameStudy\JJK_theHiddenOnes\Source\JJK_theHiddenOnes\Training\FighterCharacter.h(155,7): note: 参见“AFighterCharacter::ConsumePendingSequence”的声明
	bool ConsumePendingSequence(TArray<UAttackDefinition*>& OutSequence, int32& OutSegmentIndex);
	     ^
F:\GameStudy\JJK_theHiddenOnes\Source\JJK_theHiddenOnes\Training\MeleeComboAbility.cpp(90,16): note: 尝试匹配参数列表“(TArray<TObjectPtr<UAttackDefinition>,FDefaultAllocator>, int32)”时
	if (!Fighter->ConsumePendingSequence(SegmentSequence, SegmentIndex))
	              ^
F:\GameStudy\JJK_theHiddenOnes\Source\JJK_theHiddenOnes\Training\MeleeComboAbility.cpp(114,6): error C2065: “AbilitySystemComponent”: 未声明的标识符
	if (AbilitySystemComponent)
	    ^
F:\GameStudy\JJK_theHiddenOnes\Source\JJK_theHiddenOnes\Training\MeleeComboAbility.cpp(116,3): error C2065: “AbilitySystemComponent”: 未声明的标识符
		AbilitySystemComponent->AddLooseGameplayTag(TAG_State_Attacking);
		^
F:\GameStudy\JJK_theHiddenOnes\Source\JJK_theHiddenOnes\Training\MeleeComboAbility.cpp(147,55): error C2065: “AbilitySystemComponent”: 未声明的标识符
	if (Def->bGrantsSuperArmor && !bSuperArmorApplied && AbilitySystemComponent)
	                                                     ^
F:\GameStudy\JJK_theHiddenOnes\Source\JJK_theHiddenOnes\Training\MeleeComboAbility.cpp(149,3): error C2065: “AbilitySystemComponent”: 未声明的标识符
		AbilitySystemComponent->AddLooseGameplayTag(TAG_State_SuperArmor);
		^
[10/15] Compile [x64] StanceSwitchAbility.cpp
F:\GameStudy\JJK_theHiddenOnes\Source\JJK_theHiddenOnes\Training\FighterCharacter.h(136,19): error C2143: 语法错误: 缺少“;”(在“*”的前面)
	UAttackDefinition* ResolveCurrentAttackDefinition() const;
	                 ^
F:\GameStudy\JJK_theHiddenOnes\Source\JJK_theHiddenOnes\Training\FighterCharacter.h(136,2): error C4430: 缺少类型说明符 - 假定为 int。注意: C++ 不支持默认 int
	UAttackDefinition* ResolveCurrentAttackDefinition() const;
	^
F:\GameStudy\JJK_theHiddenOnes\Source\JJK_theHiddenOnes\Training\FighterCharacter.h(136,59): error C2238: 意外的标记位于“;”之前
	UAttackDefinition* ResolveCurrentAttackDefinition() const;
	                                                         ^
F:\GameStudy\JJK_theHiddenOnes\Source\JJK_theHiddenOnes\Training\FighterCharacter.h(155,37): error C2065: “UAttackDefinition”: 未声明的标识符
	bool ConsumePendingSequence(TArray<UAttackDefinition*>& OutSequence, int32& OutSegmentIndex);
	                                   ^
F:\GameStudy\JJK_theHiddenOnes\Source\JJK_theHiddenOnes\Training\FighterCharacter.h(155,55): error C2059: 语法错误:“>”
	bool ConsumePendingSequence(TArray<UAttackDefinition*>& OutSequence, int32& OutSegmentIndex);
	                                                     ^
F:\GameStudy\JJK_theHiddenOnes\Source\JJK_theHiddenOnes\Training\FighterCharacter.h(271,9): error C2065: “UAttackDefinition”: 未声明的标识符
	TArray<UAttackDefinition*> PendingSequence;
	       ^
F:\GameStudy\JJK_theHiddenOnes\Source\JJK_theHiddenOnes\Training\FighterCharacter.h(271,27): error C2059: 语法错误:“>”
	TArray<UAttackDefinition*> PendingSequence;
	                         ^
F:\GameStudy\JJK_theHiddenOnes\Source\JJK_theHiddenOnes\Training\FighterCharacter.h(274,10): error C2086: “FVector AFighterCharacter::LastMoveInputDirection”: 重定义
	FVector LastMoveInputDirection = FVector::ZeroVector;
	        ^
F:\GameStudy\JJK_theHiddenOnes\Source\JJK_theHiddenOnes\Training\FighterCharacter.h(282,7): error C2535: “bool AFighterCharacter::HasCombatTag(const FGameplayTag &) const”: 已经定义或声明成员函数
	bool HasCombatTag(const FGameplayTag& Tag) const;
	     ^
F:\GameStudy\JJK_theHiddenOnes\Source\JJK_theHiddenOnes\Training\FighterCharacter.h(135,7): note: 参见“AFighterCharacter::HasCombatTag”的声明
	bool HasCombatTag(const FGameplayTag& Tag) const;
	     ^
F:\GameStudy\JJK_theHiddenOnes\Source\JJK_theHiddenOnes\Training\FighterCharacter.h(283,19): error C2143: 语法错误: 缺少“;”(在“*”的前面)
	UAttackDefinition* ResolveCurrentAttackDefinition() const;
	                 ^
F:\GameStudy\JJK_theHiddenOnes\Source\JJK_theHiddenOnes\Training\FighterCharacter.h(283,2): error C4430: 缺少类型说明符 - 假定为 int。注意: C++ 不支持默认 int
	UAttackDefinition* ResolveCurrentAttackDefinition() const;
	^
F:\GameStudy\JJK_theHiddenOnes\Source\JJK_theHiddenOnes\Training\FighterCharacter.h(283,59): error C2238: 意外的标记位于“;”之前
	UAttackDefinition* ResolveCurrentAttackDefinition() const;
	                                                         ^
F:\GameStudy\JJK_theHiddenOnes\Source\JJK_theHiddenOnes\Training\FighterCharacter.h(284,16): error C2535: “UAnimMontage *AFighterCharacter::GetHitReactMontage(void) const”: 已经定义或声明成员函数
	UAnimMontage* GetHitReactMontage() const;
	              ^
F:\GameStudy\JJK_theHiddenOnes\Source\JJK_theHiddenOnes\Training\FighterCharacter.h(137,16): note: 参见“AFighterCharacter::GetHitReactMontage”的声明
	UAnimMontage* GetHitReactMontage() const;
	              ^
F:\GameStudy\JJK_theHiddenOnes\Source\JJK_theHiddenOnes\Training\FighterCharacter.h(285,7): error C2535: “bool AFighterCharacter::ModifyActionResource(float)”: 已经定义或声明成员函数
	bool ModifyActionResource(float SignedAmount);
	     ^
F:\GameStudy\JJK_theHiddenOnes\Source\JJK_theHiddenOnes\Training\FighterCharacter.h(138,7): note: 参见“AFighterCharacter::ModifyActionResource”的声明
	bool ModifyActionResource(float SignedAmount);
	     ^
F:\GameStudy\JJK_theHiddenOnes\Source\JJK_theHiddenOnes\Training\FighterCharacter.h(286,7): error C2535: “void AFighterCharacter::TickResourceRegen(void)”: 已经定义或声明成员函数
	void TickResourceRegen();
	     ^
F:\GameStudy\JJK_theHiddenOnes\Source\JJK_theHiddenOnes\Training\FighterCharacter.h(139,7): note: 参见“AFighterCharacter::TickResourceRegen”的声明
	void TickResourceRegen();
	     ^
F:\GameStudy\JJK_theHiddenOnes\Source\JJK_theHiddenOnes\Training\FighterCharacter.h(149,29): error C2065: “PendingDodge”: 未声明的标识符
	void ClearPendingDodge() { PendingDodge.bPending = false; }
	                           ^
F:\GameStudy\JJK_theHiddenOnes\Source\JJK_theHiddenOnes\Training\StanceSwitchAbility.cpp(36,35): error C2440: “初始化”: 无法从“UFighterAbilitySystemComponent *”转换为“UAbilitySystemComponent *”
	if (UAbilitySystemComponent* ASC = Fighter->GetFighterAbilitySystemComponent())
	                                 ^
F:\GameStudy\JJK_theHiddenOnes\Source\JJK_theHiddenOnes\Training\StanceSwitchAbility.cpp(36,35): note: 指向的类型不相关; 转换需要 reinterpret_cast、C 样式强制转换或带圆括号的函数样式强制转换
F:\GameStudy\JJK_theHiddenOnes\Source\JJK_theHiddenOnes\Training\StanceSwitchAbility.cpp(38,3): error C2027: 使用了未定义类型“UAbilitySystemComponent”
		ASC->AddLooseGameplayTag(TAG_State_StanceSwitching);
		^
F:\GameStudy\UE_5.8\Engine\Plugins\Runtime\GameplayAbilities\Source\GameplayAbilities\Public\ActiveGameplayEffectHandle.h(9,7): note: 参见“UAbilitySystemComponent”的声明
class UAbilitySystemComponent;
      ^
F:\GameStudy\JJK_theHiddenOnes\Source\JJK_theHiddenOnes\Training\StanceSwitchAbility.cpp(41,74): error C2027: 使用了未定义类型“UFighterDefinition”
	const float Duration = Fighter->GetDefinition() ? Fighter->GetDefinition()->StanceSwitchDuration : 0.25f;
	                                                                        ^
F:\GameStudy\JJK_theHiddenOnes\Intermediate\Build\Win64\UnrealEditor\Inc\JJK_theHiddenOnes\UHT\FighterCharacter.generated.h(24,7): note: 参见“UFighterDefinition”的声明
class UFighterDefinition;
      ^
F:\GameStudy\JJK_theHiddenOnes\Source\JJK_theHiddenOnes\Training\StanceSwitchAbility.cpp(41,14): error C2737: “Duration”: 必须初始化 const 对象
	const float Duration = Fighter->GetDefinition() ? Fighter->GetDefinition()->StanceSwitchDuration : 0.25f;
	            ^
F:\GameStudy\JJK_theHiddenOnes\Source\JJK_theHiddenOnes\Training\StanceSwitchAbility.cpp(52,36): error C2440: “初始化”: 无法从“UFighterAbilitySystemComponent *”转换为“UAbilitySystemComponent *”
		if (UAbilitySystemComponent* ASC = Fighter->GetFighterAbilitySystemComponent())
		                                 ^
F:\GameStudy\JJK_theHiddenOnes\Source\JJK_theHiddenOnes\Training\StanceSwitchAbility.cpp(52,36): note: 指向的类型不相关; 转换需要 reinterpret_cast、C 样式强制转换或带圆括号的函数样式强制转换
F:\GameStudy\JJK_theHiddenOnes\Source\JJK_theHiddenOnes\Training\StanceSwitchAbility.cpp(54,4): error C2027: 使用了未定义类型“UAbilitySystemComponent”
			ASC->RemoveLooseGameplayTag(TAG_State_StanceSwitching);
			^
F:\GameStudy\UE_5.8\Engine\Plugins\Runtime\GameplayAbilities\Source\GameplayAbilities\Public\ActiveGameplayEffectHandle.h(9,7): note: 参见“UAbilitySystemComponent”的声明
class UAbilitySystemComponent;
      ^
F:\GameStudy\JJK_theHiddenOnes\Source\JJK_theHiddenOnes\Training\StanceSwitchAbility.cpp(55,8): error C2027: 使用了未定义类型“UAbilitySystemComponent”
			if (ASC->HasMatchingGameplayTag(TAG_Stance_Melee))
			    ^
F:\GameStudy\UE_5.8\Engine\Plugins\Runtime\GameplayAbilities\Source\GameplayAbilities\Public\ActiveGameplayEffectHandle.h(9,7): note: 参见“UAbilitySystemComponent”的声明
class UAbilitySystemComponent;
      ^
F:\GameStudy\JJK_theHiddenOnes\Source\JJK_theHiddenOnes\Training\StanceSwitchAbility.cpp(57,5): error C2027: 使用了未定义类型“UAbilitySystemComponent”
				ASC->RemoveLooseGameplayTag(TAG_Stance_Melee);
				^
F:\GameStudy\UE_5.8\Engine\Plugins\Runtime\GameplayAbilities\Source\GameplayAbilities\Public\ActiveGameplayEffectHandle.h(9,7): note: 参见“UAbilitySystemComponent”的声明
class UAbilitySystemComponent;
      ^
F:\GameStudy\JJK_theHiddenOnes\Source\JJK_theHiddenOnes\Training\StanceSwitchAbility.cpp(58,5): error C2027: 使用了未定义类型“UAbilitySystemComponent”
				ASC->AddLooseGameplayTag(TAG_Stance_Ranged);
				^
F:\GameStudy\UE_5.8\Engine\Plugins\Runtime\GameplayAbilities\Source\GameplayAbilities\Public\ActiveGameplayEffectHandle.h(9,7): note: 参见“UAbilitySystemComponent”的声明
class UAbilitySystemComponent;
      ^
F:\GameStudy\JJK_theHiddenOnes\Source\JJK_theHiddenOnes\Training\StanceSwitchAbility.cpp(62,5): error C2027: 使用了未定义类型“UAbilitySystemComponent”
				ASC->RemoveLooseGameplayTag(TAG_Stance_Ranged);
				^
F:\GameStudy\UE_5.8\Engine\Plugins\Runtime\GameplayAbilities\Source\GameplayAbilities\Public\ActiveGameplayEffectHandle.h(9,7): note: 参见“UAbilitySystemComponent”的声明
class UAbilitySystemComponent;
      ^
F:\GameStudy\JJK_theHiddenOnes\Source\JJK_theHiddenOnes\Training\StanceSwitchAbility.cpp(63,5): error C2027: 使用了未定义类型“UAbilitySystemComponent”
				ASC->AddLooseGameplayTag(TAG_Stance_Melee);
				^
F:\GameStudy\UE_5.8\Engine\Plugins\Runtime\GameplayAbilities\Source\GameplayAbilities\Public\ActiveGameplayEffectHandle.h(9,7): note: 参见“UAbilitySystemComponent”的声明
class UAbilitySystemComponent;
      ^
F:\GameStudy\JJK_theHiddenOnes\Source\JJK_theHiddenOnes\Training\StanceSwitchAbility.cpp(84,36): error C2440: “初始化”: 无法从“UFighterAbilitySystemComponent *”转换为“UAbilitySystemComponent *”
		if (UAbilitySystemComponent* ASC = Fighter->GetFighterAbilitySystemComponent())
		                                 ^
F:\GameStudy\JJK_theHiddenOnes\Source\JJK_theHiddenOnes\Training\StanceSwitchAbility.cpp(84,36): note: 指向的类型不相关; 转换需要 reinterpret_cast、C 样式强制转换或带圆括号的函数样式强制转换
F:\GameStudy\JJK_theHiddenOnes\Source\JJK_theHiddenOnes\Training\StanceSwitchAbility.cpp(86,4): error C2027: 使用了未定义类型“UAbilitySystemComponent”
			ASC->RemoveLooseGameplayTag(TAG_State_StanceSwitching);
			^
F:\GameStudy\UE_5.8\Engine\Plugins\Runtime\GameplayAbilities\Source\GameplayAbilities\Public\ActiveGameplayEffectHandle.h(9,7): note: 参见“UAbilitySystemComponent”的声明
class UAbilitySystemComponent;
      ^
[11/15] Compile [x64] ModifyActionResourceGameplayEffect.cpp
[12/15] Compile [x64] Module.JJK_theHiddenOnes.cpp
F:\GameStudy\JJK_theHiddenOnes\Source\JJK_theHiddenOnes\Training\FighterCharacter.h(274,10): error C2086: “FVector AFighterCharacter::LastMoveInputDirection”: 重定义
	FVector LastMoveInputDirection = FVector::ZeroVector;
	        ^
F:\GameStudy\JJK_theHiddenOnes\Source\JJK_theHiddenOnes\Training\FighterCharacter.h(282,7): error C2535: “bool AFighterCharacter::HasCombatTag(const FGameplayTag &) const”: 已经定义或声明成员函数
	bool HasCombatTag(const FGameplayTag& Tag) const;
	     ^
F:\GameStudy\JJK_theHiddenOnes\Source\JJK_theHiddenOnes\Training\FighterCharacter.h(135,7): note: 参见“AFighterCharacter::HasCombatTag”的声明
	bool HasCombatTag(const FGameplayTag& Tag) const;
	     ^
F:\GameStudy\JJK_theHiddenOnes\Source\JJK_theHiddenOnes\Training\FighterCharacter.h(283,21): error C2535: “UAttackDefinition *AFighterCharacter::ResolveCurrentAttackDefinition(void) const”: 已经定义或声明成员函数
	UAttackDefinition* ResolveCurrentAttackDefinition() const;
	                   ^
F:\GameStudy\JJK_theHiddenOnes\Source\JJK_theHiddenOnes\Training\FighterCharacter.h(136,21): note: 参见“AFighterCharacter::ResolveCurrentAttackDefinition”的声明
	UAttackDefinition* ResolveCurrentAttackDefinition() const;
	                   ^
F:\GameStudy\JJK_theHiddenOnes\Source\JJK_theHiddenOnes\Training\FighterCharacter.h(284,16): error C2535: “UAnimMontage *AFighterCharacter::GetHitReactMontage(void) const”: 已经定义或声明成员函数
	UAnimMontage* GetHitReactMontage() const;
	              ^
F:\GameStudy\JJK_theHiddenOnes\Source\JJK_theHiddenOnes\Training\FighterCharacter.h(137,16): note: 参见“AFighterCharacter::GetHitReactMontage”的声明
	UAnimMontage* GetHitReactMontage() const;
	              ^
F:\GameStudy\JJK_theHiddenOnes\Source\JJK_theHiddenOnes\Training\FighterCharacter.h(285,7): error C2535: “bool AFighterCharacter::ModifyActionResource(float)”: 已经定义或声明成员函数
	bool ModifyActionResource(float SignedAmount);
	     ^
F:\GameStudy\JJK_theHiddenOnes\Source\JJK_theHiddenOnes\Training\FighterCharacter.h(138,7): note: 参见“AFighterCharacter::ModifyActionResource”的声明
	bool ModifyActionResource(float SignedAmount);
	     ^
F:\GameStudy\JJK_theHiddenOnes\Source\JJK_theHiddenOnes\Training\FighterCharacter.h(286,7): error C2535: “void AFighterCharacter::TickResourceRegen(void)”: 已经定义或声明成员函数
	void TickResourceRegen();
	     ^
F:\GameStudy\JJK_theHiddenOnes\Source\JJK_theHiddenOnes\Training\FighterCharacter.h(139,7): note: 参见“AFighterCharacter::TickResourceRegen”的声明
	void TickResourceRegen();
	     ^
F:\GameStudy\JJK_theHiddenOnes\Source\JJK_theHiddenOnes\Training\FighterCharacter.h(149,29): error C2065: “PendingDodge”: 未声明的标识符
	void ClearPendingDodge() { PendingDodge.bPending = false; }
	                           ^
Total time in Unreal Build Accelerator local executor: 43.00 seconds

Result: Failed (OtherCompilationError)
Total execution time: 45.94 seconds
Trace written to file C:\Users\yaeonh\AppData\Local\UnrealBuildTool\Trace.uba with size 62.4kb
Using bundled DotNet SDK version: 10.0 win-x64
Running UnrealBuildTool: dotnet "..\..\Engine\Binaries\DotNET\UnrealBuildTool\UnrealBuildTool.dll" JJK_theHiddenOnesEditor Win64 Development -project=F:\GameStudy\JJK_theHiddenOnes\JJK_theHiddenOnes.uproject -WaitMutex
Log file: C:\Users\yaeonh\AppData\Local\UnrealBuildTool\Log.txt
Determining max actions to execute in parallel (6 physical cores, 12 logical cores)
  Executing up to 6 processes, one per physical core
  Requested 1.5 GB memory per action, 7.99 GB available: limiting max parallel actions to 5
Using 'git status' to determine working set for adaptive non-unity build (F:\GameStudy\JJK_theHiddenOnes).
UbaServer - Listening on 0.0.0.0:1345
UHT compiled-in object format Default
UHT processed JJK_theHiddenOnesEditor in 10.369466 seconds (0 generated files written)
Building JJK_theHiddenOnesEditor...
===== Toolchain Information =====
Using ISPC compiler (F:\GameStudy\UE_5.8\Engine\Source\ThirdParty\Intel\ISPC\bin\Windows\ispc.exe)
  Intel(r) Implicit SPMD Program Compiler (Intel(r) ISPC), 1.24.0 (build commit  @ 20250404, LLVM 18.1.2) 
Using Visual Studio 14.44.35217 toolchain (D:\Program Files\Microsoft Visual Studio\2022\Community\VC\Tools\MSVC\14.44.35207) and Windows 10.0.22621.0 SDK (C:\Program Files (x86)\Windows Kits\10).
[Adaptive Build] Excluded from JJK_theHiddenOnes unity file: ArenaPlayerController.cpp, AttackDefinition.cpp, CombatHitComponent.cpp, CombatInputComponent.cpp, CombatNativeTags.cpp, DodgeAbility.cpp, FighterCharacter.cpp, FighterDefinition.cpp, MeleeComboAbility.cpp, ModifyActionResourceGameplayEffect.cpp, StanceSwitchAbility.cpp
=================================
Using Unreal Build Accelerator local executor to run 11 action(s)
  CPU 6 physical cores, 12 logical cores
  Memory 31.94 GB physical, 42.49 GB/65.19 GB committed
  UBA Storage capacity 40 GB
[1/11] Compile [x64] DodgeAbility.cpp
F:\GameStudy\JJK_theHiddenOnes\Source\JJK_theHiddenOnes\Training\FighterCharacter.h(143,19): error C2143: 语法错误: 缺少“;”(在“*”的前面)
	UAttackDefinition* ResolveCurrentAttackDefinition() const;
	                 ^
F:\GameStudy\JJK_theHiddenOnes\Source\JJK_theHiddenOnes\Training\FighterCharacter.h(143,2): error C4430: 缺少类型说明符 - 假定为 int。注意: C++ 不支持默认 int
	UAttackDefinition* ResolveCurrentAttackDefinition() const;
	^
F:\GameStudy\JJK_theHiddenOnes\Source\JJK_theHiddenOnes\Training\FighterCharacter.h(143,59): error C2238: 意外的标记位于“;”之前
	UAttackDefinition* ResolveCurrentAttackDefinition() const;
	                                                         ^
F:\GameStudy\JJK_theHiddenOnes\Source\JJK_theHiddenOnes\Training\FighterCharacter.h(162,37): error C2065: “UAttackDefinition”: 未声明的标识符
	bool ConsumePendingSequence(TArray<UAttackDefinition*>& OutSequence, int32& OutSegmentIndex);
	                                   ^
F:\GameStudy\JJK_theHiddenOnes\Source\JJK_theHiddenOnes\Training\FighterCharacter.h(162,55): error C2059: 语法错误:“>”
	bool ConsumePendingSequence(TArray<UAttackDefinition*>& OutSequence, int32& OutSegmentIndex);
	                                                     ^
F:\GameStudy\JJK_theHiddenOnes\Source\JJK_theHiddenOnes\Training\FighterCharacter.h(278,9): error C2065: “UAttackDefinition”: 未声明的标识符
	TArray<UAttackDefinition*> PendingSequence;
	       ^
F:\GameStudy\JJK_theHiddenOnes\Source\JJK_theHiddenOnes\Training\FighterCharacter.h(278,27): error C2059: 语法错误:“>”
	TArray<UAttackDefinition*> PendingSequence;
	                         ^
F:\GameStudy\JJK_theHiddenOnes\Source\JJK_theHiddenOnes\Training\FighterCharacter.h(281,10): error C2086: “FVector AFighterCharacter::LastMoveInputDirection”: 重定义
	FVector LastMoveInputDirection = FVector::ZeroVector;
	        ^
F:\GameStudy\JJK_theHiddenOnes\Source\JJK_theHiddenOnes\Training\FighterCharacter.h(289,7): error C2535: “bool AFighterCharacter::HasCombatTag(const FGameplayTag &) const”: 已经定义或声明成员函数
	bool HasCombatTag(const FGameplayTag& Tag) const;
	     ^
F:\GameStudy\JJK_theHiddenOnes\Source\JJK_theHiddenOnes\Training\FighterCharacter.h(135,7): note: 参见“AFighterCharacter::HasCombatTag”的声明
	bool HasCombatTag(const FGameplayTag& Tag) const;
	     ^
F:\GameStudy\JJK_theHiddenOnes\Source\JJK_theHiddenOnes\Training\FighterCharacter.h(290,19): error C2143: 语法错误: 缺少“;”(在“*”的前面)
	UAttackDefinition* ResolveCurrentAttackDefinition() const;
	                 ^
F:\GameStudy\JJK_theHiddenOnes\Source\JJK_theHiddenOnes\Training\FighterCharacter.h(290,2): error C4430: 缺少类型说明符 - 假定为 int。注意: C++ 不支持默认 int
	UAttackDefinition* ResolveCurrentAttackDefinition() const;
	^
F:\GameStudy\JJK_theHiddenOnes\Source\JJK_theHiddenOnes\Training\FighterCharacter.h(290,59): error C2238: 意外的标记位于“;”之前
	UAttackDefinition* ResolveCurrentAttackDefinition() const;
	                                                         ^
F:\GameStudy\JJK_theHiddenOnes\Source\JJK_theHiddenOnes\Training\FighterCharacter.h(291,16): error C2535: “UAnimMontage *AFighterCharacter::GetHitReactMontage(void) const”: 已经定义或声明成员函数
	UAnimMontage* GetHitReactMontage() const;
	              ^
F:\GameStudy\JJK_theHiddenOnes\Source\JJK_theHiddenOnes\Training\FighterCharacter.h(144,16): note: 参见“AFighterCharacter::GetHitReactMontage”的声明
	UAnimMontage* GetHitReactMontage() const;
	              ^
F:\GameStudy\JJK_theHiddenOnes\Source\JJK_theHiddenOnes\Training\FighterCharacter.h(292,7): error C2535: “bool AFighterCharacter::ModifyActionResource(float)”: 已经定义或声明成员函数
	bool ModifyActionResource(float SignedAmount);
	     ^
F:\GameStudy\JJK_theHiddenOnes\Source\JJK_theHiddenOnes\Training\FighterCharacter.h(145,7): note: 参见“AFighterCharacter::ModifyActionResource”的声明
	bool ModifyActionResource(float SignedAmount);
	     ^
F:\GameStudy\JJK_theHiddenOnes\Source\JJK_theHiddenOnes\Training\FighterCharacter.h(293,7): error C2535: “void AFighterCharacter::TickResourceRegen(void)”: 已经定义或声明成员函数
	void TickResourceRegen();
	     ^
F:\GameStudy\JJK_theHiddenOnes\Source\JJK_theHiddenOnes\Training\FighterCharacter.h(146,7): note: 参见“AFighterCharacter::TickResourceRegen”的声明
	void TickResourceRegen();
	     ^
F:\GameStudy\JJK_theHiddenOnes\Source\JJK_theHiddenOnes\Training\FighterCharacter.h(156,29): error C2065: “PendingDodge”: 未声明的标识符
	void ClearPendingDodge() { PendingDodge.bPending = false; }
	                           ^
F:\GameStudy\JJK_theHiddenOnes\Source\JJK_theHiddenOnes\Training\DodgeAbility.cpp(40,2): error C4430: 缺少类型说明符 - 假定为 int。注意: C++ 不支持默认 int
	const FDodgeRequest Dodge = Fighter->ConsumePendingDodge();
	^
F:\GameStudy\JJK_theHiddenOnes\Source\JJK_theHiddenOnes\Training\DodgeAbility.cpp(40,22): error C2146: 语法错误: 缺少“;”(在标识符“Dodge”的前面)
	const FDodgeRequest Dodge = Fighter->ConsumePendingDodge();
	                    ^
F:\GameStudy\JJK_theHiddenOnes\Source\JJK_theHiddenOnes\Training\DodgeAbility.cpp(40,22): error C2065: “Dodge”: 未声明的标识符
F:\GameStudy\JJK_theHiddenOnes\Source\JJK_theHiddenOnes\Training\DodgeAbility.cpp(41,16): error C2065: “Dodge”: 未声明的标识符
	FVector Dir = Dodge.Direction;
	              ^
F:\GameStudy\JJK_theHiddenOnes\Source\JJK_theHiddenOnes\Training\DodgeAbility.cpp(50,2): error C4430: 缺少类型说明符 - 假定为 int。注意: C++ 不支持默认 int
	const FDodgeConfig& Config = Fighter->GetDefinition()->DodgeConfig;
	^
F:\GameStudy\JJK_theHiddenOnes\Source\JJK_theHiddenOnes\Training\DodgeAbility.cpp(50,20): error C2143: 语法错误: 缺少“;”(在“&”的前面)
	const FDodgeConfig& Config = Fighter->GetDefinition()->DodgeConfig;
	                  ^
F:\GameStudy\JJK_theHiddenOnes\Source\JJK_theHiddenOnes\Training\DodgeAbility.cpp(50,22): error C2065: “Config”: 未声明的标识符
	const FDodgeConfig& Config = Fighter->GetDefinition()->DodgeConfig;
	                    ^
F:\GameStudy\JJK_theHiddenOnes\Source\JJK_theHiddenOnes\Training\DodgeAbility.cpp(50,53): error C2027: 使用了未定义类型“UFighterDefinition”
	const FDodgeConfig& Config = Fighter->GetDefinition()->DodgeConfig;
	                                                   ^
F:\GameStudy\JJK_theHiddenOnes\Intermediate\Build\Win64\UnrealEditor\Inc\JJK_theHiddenOnes\UHT\FighterCharacter.generated.h(24,7): note: 参见“UFighterDefinition”的声明
class UFighterDefinition;
      ^
F:\GameStudy\JJK_theHiddenOnes\Source\JJK_theHiddenOnes\Training\DodgeAbility.cpp(53,43): error C2027: 使用了未定义类型“UFighterAbilitySystemComponent”
	Fighter->GetFighterAbilitySystemComponent()->AddLooseGameplayTag(TAG_State_DodgeInvulnerable);
	                                         ^
F:\GameStudy\JJK_theHiddenOnes\Intermediate\Build\Win64\UnrealEditor\Inc\JJK_theHiddenOnes\UHT\FighterCharacter.generated.h(22,7): note: 参见“UFighterAbilitySystemComponent”的声明
class UFighterAbilitySystemComponent;
      ^
F:\GameStudy\JJK_theHiddenOnes\Source\JJK_theHiddenOnes\Training\DodgeAbility.cpp(57,67): error C2065: “Config”: 未声明的标识符
	Movement->Velocity = FVector(0, 0, Movement->Velocity.Z) + Dir * Config.DodgeSpeed;
	                                                                 ^
F:\GameStudy\JJK_theHiddenOnes\Source\JJK_theHiddenOnes\Training\DodgeAbility.cpp(60,6): error C2065: “Dodge”: 未声明的标识符
	if (Dodge.bCancel)
	    ^
F:\GameStudy\JJK_theHiddenOnes\Source\JJK_theHiddenOnes\Training\DodgeAbility.cpp(64,44): error C2027: 使用了未定义类型“UFighterAbilitySystemComponent”
		Fighter->GetFighterAbilitySystemComponent()->CancelAbilities(&CancelTags);
		                                         ^
F:\GameStudy\JJK_theHiddenOnes\Intermediate\Build\Win64\UnrealEditor\Inc\JJK_theHiddenOnes\UHT\FighterCharacter.generated.h(22,7): note: 参见“UFighterAbilitySystemComponent”的声明
class UFighterAbilitySystemComponent;
      ^
F:\GameStudy\JJK_theHiddenOnes\Source\JJK_theHiddenOnes\Training\DodgeAbility.cpp(68,36): error C2065: “Config”: 未声明的标识符
		&UDodgeAbility::HandleInvulnEnd, Config.InvulnerableDuration, false);
		                                 ^
F:\GameStudy\JJK_theHiddenOnes\Source\JJK_theHiddenOnes\Training\DodgeAbility.cpp(70,2): error C2065: “Config”: 未声明的标识符
	UE_LOG(LogTemp, Log, TEXT("[Dodge] %s 闪避（方向 %s，无敌 %.2fs）"),
	^
F:\GameStudy\JJK_theHiddenOnes\Source\JJK_theHiddenOnes\Training\DodgeAbility.cpp(70,2): error C3553: decltype 应为表达式而不是类型
F:\GameStudy\JJK_theHiddenOnes\Source\JJK_theHiddenOnes\Training\DodgeAbility.cpp(81,35): error C2440: “初始化”: 无法从“UFighterAbilitySystemComponent *”转换为“UAbilitySystemComponent *”
	if (UAbilitySystemComponent* ASC = Fighter->GetFighterAbilitySystemComponent())
	                                 ^
F:\GameStudy\JJK_theHiddenOnes\Source\JJK_theHiddenOnes\Training\DodgeAbility.cpp(81,35): note: 指向的类型不相关; 转换需要 reinterpret_cast、C 样式强制转换或带圆括号的函数样式强制转换
F:\GameStudy\JJK_theHiddenOnes\Source\JJK_theHiddenOnes\Training\DodgeAbility.cpp(83,3): error C2027: 使用了未定义类型“UAbilitySystemComponent”
		ASC->RemoveLooseGameplayTag(TAG_State_DodgeInvulnerable);
		^
F:\GameStudy\UE_5.8\Engine\Plugins\Runtime\GameplayAbilities\Source\GameplayAbilities\Public\ActiveGameplayEffectHandle.h(9,7): note: 参见“UAbilitySystemComponent”的声明
class UAbilitySystemComponent;
      ^
F:\GameStudy\JJK_theHiddenOnes\Source\JJK_theHiddenOnes\Training\DodgeAbility.cpp(84,3): error C2027: 使用了未定义类型“UAbilitySystemComponent”
		ASC->AddLooseGameplayTag(TAG_State_DodgeRecovery);
		^
F:\GameStudy\UE_5.8\Engine\Plugins\Runtime\GameplayAbilities\Source\GameplayAbilities\Public\ActiveGameplayEffectHandle.h(9,7): note: 参见“UAbilitySystemComponent”的声明
class UAbilitySystemComponent;
      ^
F:\GameStudy\JJK_theHiddenOnes\Source\JJK_theHiddenOnes\Training\DodgeAbility.cpp(86,74): error C2027: 使用了未定义类型“UFighterDefinition”
	const float Recovery = Fighter->GetDefinition() ? Fighter->GetDefinition()->DodgeConfig.RecoveryDuration : 0.4f;
	                                                                        ^
F:\GameStudy\JJK_theHiddenOnes\Intermediate\Build\Win64\UnrealEditor\Inc\JJK_theHiddenOnes\UHT\FighterCharacter.generated.h(24,7): note: 参见“UFighterDefinition”的声明
class UFighterDefinition;
      ^
F:\GameStudy\JJK_theHiddenOnes\Source\JJK_theHiddenOnes\Training\DodgeAbility.cpp(86,14): error C2737: “Recovery”: 必须初始化 const 对象
	const float Recovery = Fighter->GetDefinition() ? Fighter->GetDefinition()->DodgeConfig.RecoveryDuration : 0.4f;
	            ^
F:\GameStudy\JJK_theHiddenOnes\Source\JJK_theHiddenOnes\Training\DodgeAbility.cpp(95,36): error C2440: “初始化”: 无法从“UFighterAbilitySystemComponent *”转换为“UAbilitySystemComponent *”
		if (UAbilitySystemComponent* ASC = Fighter->GetFighterAbilitySystemComponent())
		                                 ^
F:\GameStudy\JJK_theHiddenOnes\Source\JJK_theHiddenOnes\Training\DodgeAbility.cpp(95,36): note: 指向的类型不相关; 转换需要 reinterpret_cast、C 样式强制转换或带圆括号的函数样式强制转换
F:\GameStudy\JJK_theHiddenOnes\Source\JJK_theHiddenOnes\Training\DodgeAbility.cpp(97,4): error C2027: 使用了未定义类型“UAbilitySystemComponent”
			ASC->RemoveLooseGameplayTag(TAG_State_DodgeRecovery);
			^
F:\GameStudy\UE_5.8\Engine\Plugins\Runtime\GameplayAbilities\Source\GameplayAbilities\Public\ActiveGameplayEffectHandle.h(9,7): note: 参见“UAbilitySystemComponent”的声明
class UAbilitySystemComponent;
      ^
F:\GameStudy\JJK_theHiddenOnes\Source\JJK_theHiddenOnes\Training\DodgeAbility.cpp(116,36): error C2440: “初始化”: 无法从“UFighterAbilitySystemComponent *”转换为“UAbilitySystemComponent *”
		if (UAbilitySystemComponent* ASC = Fighter->GetFighterAbilitySystemComponent())
		                                 ^
F:\GameStudy\JJK_theHiddenOnes\Source\JJK_theHiddenOnes\Training\DodgeAbility.cpp(116,36): note: 指向的类型不相关; 转换需要 reinterpret_cast、C 样式强制转换或带圆括号的函数样式强制转换
F:\GameStudy\JJK_theHiddenOnes\Source\JJK_theHiddenOnes\Training\DodgeAbility.cpp(118,4): error C2027: 使用了未定义类型“UAbilitySystemComponent”
			ASC->RemoveLooseGameplayTag(TAG_State_DodgeInvulnerable);
			^
F:\GameStudy\UE_5.8\Engine\Plugins\Runtime\GameplayAbilities\Source\GameplayAbilities\Public\ActiveGameplayEffectHandle.h(9,7): note: 参见“UAbilitySystemComponent”的声明
class UAbilitySystemComponent;
      ^
F:\GameStudy\JJK_theHiddenOnes\Source\JJK_theHiddenOnes\Training\DodgeAbility.cpp(119,4): error C2027: 使用了未定义类型“UAbilitySystemComponent”
			ASC->RemoveLooseGameplayTag(TAG_State_DodgeRecovery);
			^
F:\GameStudy\UE_5.8\Engine\Plugins\Runtime\GameplayAbilities\Source\GameplayAbilities\Public\ActiveGameplayEffectHandle.h(9,7): note: 参见“UAbilitySystemComponent”的声明
class UAbilitySystemComponent;
      ^
[2/11] Compile [x64] CombatInputComponent.cpp
F:\GameStudy\JJK_theHiddenOnes\Source\JJK_theHiddenOnes\Training\FighterCharacter.h(281,10): error C2086: “FVector AFighterCharacter::LastMoveInputDirection”: 重定义
	FVector LastMoveInputDirection = FVector::ZeroVector;
	        ^
F:\GameStudy\JJK_theHiddenOnes\Source\JJK_theHiddenOnes\Training\FighterCharacter.h(289,7): error C2535: “bool AFighterCharacter::HasCombatTag(const FGameplayTag &) const”: 已经定义或声明成员函数
	bool HasCombatTag(const FGameplayTag& Tag) const;
	     ^
F:\GameStudy\JJK_theHiddenOnes\Source\JJK_theHiddenOnes\Training\FighterCharacter.h(135,7): note: 参见“AFighterCharacter::HasCombatTag”的声明
	bool HasCombatTag(const FGameplayTag& Tag) const;
	     ^
F:\GameStudy\JJK_theHiddenOnes\Source\JJK_theHiddenOnes\Training\FighterCharacter.h(290,21): error C2535: “UAttackDefinition *AFighterCharacter::ResolveCurrentAttackDefinition(void) const”: 已经定义或声明成员函数
	UAttackDefinition* ResolveCurrentAttackDefinition() const;
	                   ^
F:\GameStudy\JJK_theHiddenOnes\Source\JJK_theHiddenOnes\Training\FighterCharacter.h(143,21): note: 参见“AFighterCharacter::ResolveCurrentAttackDefinition”的声明
	UAttackDefinition* ResolveCurrentAttackDefinition() const;
	                   ^
F:\GameStudy\JJK_theHiddenOnes\Source\JJK_theHiddenOnes\Training\FighterCharacter.h(291,16): error C2535: “UAnimMontage *AFighterCharacter::GetHitReactMontage(void) const”: 已经定义或声明成员函数
	UAnimMontage* GetHitReactMontage() const;
	              ^
F:\GameStudy\JJK_theHiddenOnes\Source\JJK_theHiddenOnes\Training\FighterCharacter.h(144,16): note: 参见“AFighterCharacter::GetHitReactMontage”的声明
	UAnimMontage* GetHitReactMontage() const;
	              ^
F:\GameStudy\JJK_theHiddenOnes\Source\JJK_theHiddenOnes\Training\FighterCharacter.h(292,7): error C2535: “bool AFighterCharacter::ModifyActionResource(float)”: 已经定义或声明成员函数
	bool ModifyActionResource(float SignedAmount);
	     ^
F:\GameStudy\JJK_theHiddenOnes\Source\JJK_theHiddenOnes\Training\FighterCharacter.h(145,7): note: 参见“AFighterCharacter::ModifyActionResource”的声明
	bool ModifyActionResource(float SignedAmount);
	     ^
F:\GameStudy\JJK_theHiddenOnes\Source\JJK_theHiddenOnes\Training\FighterCharacter.h(293,7): error C2535: “void AFighterCharacter::TickResourceRegen(void)”: 已经定义或声明成员函数
	void TickResourceRegen();
	     ^
F:\GameStudy\JJK_theHiddenOnes\Source\JJK_theHiddenOnes\Training\FighterCharacter.h(146,7): note: 参见“AFighterCharacter::TickResourceRegen”的声明
	void TickResourceRegen();
	     ^
F:\GameStudy\JJK_theHiddenOnes\Source\JJK_theHiddenOnes\Training\FighterCharacter.h(156,29): error C2065: “PendingDodge”: 未声明的标识符
	void ClearPendingDodge() { PendingDodge.bPending = false; }
	                           ^
[3/11] Compile [x64] CombatHitComponent.cpp
F:\GameStudy\JJK_theHiddenOnes\Source\JJK_theHiddenOnes\Training\FighterCharacter.h(281,10): error C2086: “FVector AFighterCharacter::LastMoveInputDirection”: 重定义
	FVector LastMoveInputDirection = FVector::ZeroVector;
	        ^
F:\GameStudy\JJK_theHiddenOnes\Source\JJK_theHiddenOnes\Training\FighterCharacter.h(289,7): error C2535: “bool AFighterCharacter::HasCombatTag(const FGameplayTag &) const”: 已经定义或声明成员函数
	bool HasCombatTag(const FGameplayTag& Tag) const;
	     ^
F:\GameStudy\JJK_theHiddenOnes\Source\JJK_theHiddenOnes\Training\FighterCharacter.h(135,7): note: 参见“AFighterCharacter::HasCombatTag”的声明
	bool HasCombatTag(const FGameplayTag& Tag) const;
	     ^
F:\GameStudy\JJK_theHiddenOnes\Source\JJK_theHiddenOnes\Training\FighterCharacter.h(290,21): error C2535: “UAttackDefinition *AFighterCharacter::ResolveCurrentAttackDefinition(void) const”: 已经定义或声明成员函数
	UAttackDefinition* ResolveCurrentAttackDefinition() const;
	                   ^
F:\GameStudy\JJK_theHiddenOnes\Source\JJK_theHiddenOnes\Training\FighterCharacter.h(143,21): note: 参见“AFighterCharacter::ResolveCurrentAttackDefinition”的声明
	UAttackDefinition* ResolveCurrentAttackDefinition() const;
	                   ^
F:\GameStudy\JJK_theHiddenOnes\Source\JJK_theHiddenOnes\Training\FighterCharacter.h(291,16): error C2535: “UAnimMontage *AFighterCharacter::GetHitReactMontage(void) const”: 已经定义或声明成员函数
	UAnimMontage* GetHitReactMontage() const;
	              ^
F:\GameStudy\JJK_theHiddenOnes\Source\JJK_theHiddenOnes\Training\FighterCharacter.h(144,16): note: 参见“AFighterCharacter::GetHitReactMontage”的声明
	UAnimMontage* GetHitReactMontage() const;
	              ^
F:\GameStudy\JJK_theHiddenOnes\Source\JJK_theHiddenOnes\Training\FighterCharacter.h(292,7): error C2535: “bool AFighterCharacter::ModifyActionResource(float)”: 已经定义或声明成员函数
	bool ModifyActionResource(float SignedAmount);
	     ^
F:\GameStudy\JJK_theHiddenOnes\Source\JJK_theHiddenOnes\Training\FighterCharacter.h(145,7): note: 参见“AFighterCharacter::ModifyActionResource”的声明
	bool ModifyActionResource(float SignedAmount);
	     ^
F:\GameStudy\JJK_theHiddenOnes\Source\JJK_theHiddenOnes\Training\FighterCharacter.h(293,7): error C2535: “void AFighterCharacter::TickResourceRegen(void)”: 已经定义或声明成员函数
	void TickResourceRegen();
	     ^
F:\GameStudy\JJK_theHiddenOnes\Source\JJK_theHiddenOnes\Training\FighterCharacter.h(146,7): note: 参见“AFighterCharacter::TickResourceRegen”的声明
	void TickResourceRegen();
	     ^
F:\GameStudy\JJK_theHiddenOnes\Source\JJK_theHiddenOnes\Training\FighterCharacter.h(156,29): error C2065: “PendingDodge”: 未声明的标识符
	void ClearPendingDodge() { PendingDodge.bPending = false; }
	                           ^
[4/11] Compile [x64] ArenaPlayerController.cpp
F:\GameStudy\JJK_theHiddenOnes\Source\JJK_theHiddenOnes\Training\FighterCharacter.h(143,19): error C2143: 语法错误: 缺少“;”(在“*”的前面)
	UAttackDefinition* ResolveCurrentAttackDefinition() const;
	                 ^
F:\GameStudy\JJK_theHiddenOnes\Source\JJK_theHiddenOnes\Training\FighterCharacter.h(143,2): error C4430: 缺少类型说明符 - 假定为 int。注意: C++ 不支持默认 int
	UAttackDefinition* ResolveCurrentAttackDefinition() const;
	^
F:\GameStudy\JJK_theHiddenOnes\Source\JJK_theHiddenOnes\Training\FighterCharacter.h(143,59): error C2238: 意外的标记位于“;”之前
	UAttackDefinition* ResolveCurrentAttackDefinition() const;
	                                                         ^
F:\GameStudy\JJK_theHiddenOnes\Source\JJK_theHiddenOnes\Training\FighterCharacter.h(162,37): error C2065: “UAttackDefinition”: 未声明的标识符
	bool ConsumePendingSequence(TArray<UAttackDefinition*>& OutSequence, int32& OutSegmentIndex);
	                                   ^
F:\GameStudy\JJK_theHiddenOnes\Source\JJK_theHiddenOnes\Training\FighterCharacter.h(162,55): error C2059: 语法错误:“>”
	bool ConsumePendingSequence(TArray<UAttackDefinition*>& OutSequence, int32& OutSegmentIndex);
	                                                     ^
F:\GameStudy\JJK_theHiddenOnes\Source\JJK_theHiddenOnes\Training\FighterCharacter.h(278,9): error C2065: “UAttackDefinition”: 未声明的标识符
	TArray<UAttackDefinition*> PendingSequence;
	       ^
F:\GameStudy\JJK_theHiddenOnes\Source\JJK_theHiddenOnes\Training\FighterCharacter.h(278,27): error C2059: 语法错误:“>”
	TArray<UAttackDefinition*> PendingSequence;
	                         ^
F:\GameStudy\JJK_theHiddenOnes\Source\JJK_theHiddenOnes\Training\FighterCharacter.h(281,10): error C2086: “FVector AFighterCharacter::LastMoveInputDirection”: 重定义
	FVector LastMoveInputDirection = FVector::ZeroVector;
	        ^
F:\GameStudy\JJK_theHiddenOnes\Source\JJK_theHiddenOnes\Training\FighterCharacter.h(289,7): error C2535: “bool AFighterCharacter::HasCombatTag(const FGameplayTag &) const”: 已经定义或声明成员函数
	bool HasCombatTag(const FGameplayTag& Tag) const;
	     ^
F:\GameStudy\JJK_theHiddenOnes\Source\JJK_theHiddenOnes\Training\FighterCharacter.h(135,7): note: 参见“AFighterCharacter::HasCombatTag”的声明
	bool HasCombatTag(const FGameplayTag& Tag) const;
	     ^
F:\GameStudy\JJK_theHiddenOnes\Source\JJK_theHiddenOnes\Training\FighterCharacter.h(290,19): error C2143: 语法错误: 缺少“;”(在“*”的前面)
	UAttackDefinition* ResolveCurrentAttackDefinition() const;
	                 ^
F:\GameStudy\JJK_theHiddenOnes\Source\JJK_theHiddenOnes\Training\FighterCharacter.h(290,2): error C4430: 缺少类型说明符 - 假定为 int。注意: C++ 不支持默认 int
	UAttackDefinition* ResolveCurrentAttackDefinition() const;
	^
F:\GameStudy\JJK_theHiddenOnes\Source\JJK_theHiddenOnes\Training\FighterCharacter.h(290,59): error C2238: 意外的标记位于“;”之前
	UAttackDefinition* ResolveCurrentAttackDefinition() const;
	                                                         ^
F:\GameStudy\JJK_theHiddenOnes\Source\JJK_theHiddenOnes\Training\FighterCharacter.h(291,16): error C2535: “UAnimMontage *AFighterCharacter::GetHitReactMontage(void) const”: 已经定义或声明成员函数
	UAnimMontage* GetHitReactMontage() const;
	              ^
F:\GameStudy\JJK_theHiddenOnes\Source\JJK_theHiddenOnes\Training\FighterCharacter.h(144,16): note: 参见“AFighterCharacter::GetHitReactMontage”的声明
	UAnimMontage* GetHitReactMontage() const;
	              ^
F:\GameStudy\JJK_theHiddenOnes\Source\JJK_theHiddenOnes\Training\FighterCharacter.h(292,7): error C2535: “bool AFighterCharacter::ModifyActionResource(float)”: 已经定义或声明成员函数
	bool ModifyActionResource(float SignedAmount);
	     ^
F:\GameStudy\JJK_theHiddenOnes\Source\JJK_theHiddenOnes\Training\FighterCharacter.h(145,7): note: 参见“AFighterCharacter::ModifyActionResource”的声明
	bool ModifyActionResource(float SignedAmount);
	     ^
F:\GameStudy\JJK_theHiddenOnes\Source\JJK_theHiddenOnes\Training\FighterCharacter.h(293,7): error C2535: “void AFighterCharacter::TickResourceRegen(void)”: 已经定义或声明成员函数
	void TickResourceRegen();
	     ^
F:\GameStudy\JJK_theHiddenOnes\Source\JJK_theHiddenOnes\Training\FighterCharacter.h(146,7): note: 参见“AFighterCharacter::TickResourceRegen”的声明
	void TickResourceRegen();
	     ^
F:\GameStudy\JJK_theHiddenOnes\Source\JJK_theHiddenOnes\Training\FighterCharacter.h(156,29): error C2065: “PendingDodge”: 未声明的标识符
	void ClearPendingDodge() { PendingDodge.bPending = false; }
	                           ^
[5/11] Compile [x64] StanceSwitchAbility.cpp
F:\GameStudy\JJK_theHiddenOnes\Source\JJK_theHiddenOnes\Training\FighterCharacter.h(143,19): error C2143: 语法错误: 缺少“;”(在“*”的前面)
	UAttackDefinition* ResolveCurrentAttackDefinition() const;
	                 ^
F:\GameStudy\JJK_theHiddenOnes\Source\JJK_theHiddenOnes\Training\FighterCharacter.h(143,2): error C4430: 缺少类型说明符 - 假定为 int。注意: C++ 不支持默认 int
	UAttackDefinition* ResolveCurrentAttackDefinition() const;
	^
F:\GameStudy\JJK_theHiddenOnes\Source\JJK_theHiddenOnes\Training\FighterCharacter.h(143,59): error C2238: 意外的标记位于“;”之前
	UAttackDefinition* ResolveCurrentAttackDefinition() const;
	                                                         ^
F:\GameStudy\JJK_theHiddenOnes\Source\JJK_theHiddenOnes\Training\FighterCharacter.h(162,37): error C2065: “UAttackDefinition”: 未声明的标识符
	bool ConsumePendingSequence(TArray<UAttackDefinition*>& OutSequence, int32& OutSegmentIndex);
	                                   ^
F:\GameStudy\JJK_theHiddenOnes\Source\JJK_theHiddenOnes\Training\FighterCharacter.h(162,55): error C2059: 语法错误:“>”
	bool ConsumePendingSequence(TArray<UAttackDefinition*>& OutSequence, int32& OutSegmentIndex);
	                                                     ^
F:\GameStudy\JJK_theHiddenOnes\Source\JJK_theHiddenOnes\Training\FighterCharacter.h(278,9): error C2065: “UAttackDefinition”: 未声明的标识符
	TArray<UAttackDefinition*> PendingSequence;
	       ^
F:\GameStudy\JJK_theHiddenOnes\Source\JJK_theHiddenOnes\Training\FighterCharacter.h(278,27): error C2059: 语法错误:“>”
	TArray<UAttackDefinition*> PendingSequence;
	                         ^
F:\GameStudy\JJK_theHiddenOnes\Source\JJK_theHiddenOnes\Training\FighterCharacter.h(281,10): error C2086: “FVector AFighterCharacter::LastMoveInputDirection”: 重定义
	FVector LastMoveInputDirection = FVector::ZeroVector;
	        ^
F:\GameStudy\JJK_theHiddenOnes\Source\JJK_theHiddenOnes\Training\FighterCharacter.h(289,7): error C2535: “bool AFighterCharacter::HasCombatTag(const FGameplayTag &) const”: 已经定义或声明成员函数
	bool HasCombatTag(const FGameplayTag& Tag) const;
	     ^
F:\GameStudy\JJK_theHiddenOnes\Source\JJK_theHiddenOnes\Training\FighterCharacter.h(135,7): note: 参见“AFighterCharacter::HasCombatTag”的声明
	bool HasCombatTag(const FGameplayTag& Tag) const;
	     ^
F:\GameStudy\JJK_theHiddenOnes\Source\JJK_theHiddenOnes\Training\FighterCharacter.h(290,19): error C2143: 语法错误: 缺少“;”(在“*”的前面)
	UAttackDefinition* ResolveCurrentAttackDefinition() const;
	                 ^
F:\GameStudy\JJK_theHiddenOnes\Source\JJK_theHiddenOnes\Training\FighterCharacter.h(290,2): error C4430: 缺少类型说明符 - 假定为 int。注意: C++ 不支持默认 int
	UAttackDefinition* ResolveCurrentAttackDefinition() const;
	^
F:\GameStudy\JJK_theHiddenOnes\Source\JJK_theHiddenOnes\Training\FighterCharacter.h(290,59): error C2238: 意外的标记位于“;”之前
	UAttackDefinition* ResolveCurrentAttackDefinition() const;
	                                                         ^
F:\GameStudy\JJK_theHiddenOnes\Source\JJK_theHiddenOnes\Training\FighterCharacter.h(291,16): error C2535: “UAnimMontage *AFighterCharacter::GetHitReactMontage(void) const”: 已经定义或声明成员函数
	UAnimMontage* GetHitReactMontage() const;
	              ^
F:\GameStudy\JJK_theHiddenOnes\Source\JJK_theHiddenOnes\Training\FighterCharacter.h(144,16): note: 参见“AFighterCharacter::GetHitReactMontage”的声明
	UAnimMontage* GetHitReactMontage() const;
	              ^
F:\GameStudy\JJK_theHiddenOnes\Source\JJK_theHiddenOnes\Training\FighterCharacter.h(292,7): error C2535: “bool AFighterCharacter::ModifyActionResource(float)”: 已经定义或声明成员函数
	bool ModifyActionResource(float SignedAmount);
	     ^
F:\GameStudy\JJK_theHiddenOnes\Source\JJK_theHiddenOnes\Training\FighterCharacter.h(145,7): note: 参见“AFighterCharacter::ModifyActionResource”的声明
	bool ModifyActionResource(float SignedAmount);
	     ^
F:\GameStudy\JJK_theHiddenOnes\Source\JJK_theHiddenOnes\Training\FighterCharacter.h(293,7): error C2535: “void AFighterCharacter::TickResourceRegen(void)”: 已经定义或声明成员函数
	void TickResourceRegen();
	     ^
F:\GameStudy\JJK_theHiddenOnes\Source\JJK_theHiddenOnes\Training\FighterCharacter.h(146,7): note: 参见“AFighterCharacter::TickResourceRegen”的声明
	void TickResourceRegen();
	     ^
F:\GameStudy\JJK_theHiddenOnes\Source\JJK_theHiddenOnes\Training\FighterCharacter.h(156,29): error C2065: “PendingDodge”: 未声明的标识符
	void ClearPendingDodge() { PendingDodge.bPending = false; }
	                           ^
F:\GameStudy\JJK_theHiddenOnes\Source\JJK_theHiddenOnes\Training\StanceSwitchAbility.cpp(36,35): error C2440: “初始化”: 无法从“UFighterAbilitySystemComponent *”转换为“UAbilitySystemComponent *”
	if (UAbilitySystemComponent* ASC = Fighter->GetFighterAbilitySystemComponent())
	                                 ^
F:\GameStudy\JJK_theHiddenOnes\Source\JJK_theHiddenOnes\Training\StanceSwitchAbility.cpp(36,35): note: 指向的类型不相关; 转换需要 reinterpret_cast、C 样式强制转换或带圆括号的函数样式强制转换
F:\GameStudy\JJK_theHiddenOnes\Source\JJK_theHiddenOnes\Training\StanceSwitchAbility.cpp(38,3): error C2027: 使用了未定义类型“UAbilitySystemComponent”
		ASC->AddLooseGameplayTag(TAG_State_StanceSwitching);
		^
F:\GameStudy\UE_5.8\Engine\Plugins\Runtime\GameplayAbilities\Source\GameplayAbilities\Public\ActiveGameplayEffectHandle.h(9,7): note: 参见“UAbilitySystemComponent”的声明
class UAbilitySystemComponent;
      ^
F:\GameStudy\JJK_theHiddenOnes\Source\JJK_theHiddenOnes\Training\StanceSwitchAbility.cpp(41,74): error C2027: 使用了未定义类型“UFighterDefinition”
	const float Duration = Fighter->GetDefinition() ? Fighter->GetDefinition()->StanceSwitchDuration : 0.25f;
	                                                                        ^
F:\GameStudy\JJK_theHiddenOnes\Intermediate\Build\Win64\UnrealEditor\Inc\JJK_theHiddenOnes\UHT\FighterCharacter.generated.h(24,7): note: 参见“UFighterDefinition”的声明
class UFighterDefinition;
      ^
F:\GameStudy\JJK_theHiddenOnes\Source\JJK_theHiddenOnes\Training\StanceSwitchAbility.cpp(41,14): error C2737: “Duration”: 必须初始化 const 对象
	const float Duration = Fighter->GetDefinition() ? Fighter->GetDefinition()->StanceSwitchDuration : 0.25f;
	            ^
F:\GameStudy\JJK_theHiddenOnes\Source\JJK_theHiddenOnes\Training\StanceSwitchAbility.cpp(52,36): error C2440: “初始化”: 无法从“UFighterAbilitySystemComponent *”转换为“UAbilitySystemComponent *”
		if (UAbilitySystemComponent* ASC = Fighter->GetFighterAbilitySystemComponent())
		                                 ^
F:\GameStudy\JJK_theHiddenOnes\Source\JJK_theHiddenOnes\Training\StanceSwitchAbility.cpp(52,36): note: 指向的类型不相关; 转换需要 reinterpret_cast、C 样式强制转换或带圆括号的函数样式强制转换
F:\GameStudy\JJK_theHiddenOnes\Source\JJK_theHiddenOnes\Training\StanceSwitchAbility.cpp(54,4): error C2027: 使用了未定义类型“UAbilitySystemComponent”
			ASC->RemoveLooseGameplayTag(TAG_State_StanceSwitching);
			^
F:\GameStudy\UE_5.8\Engine\Plugins\Runtime\GameplayAbilities\Source\GameplayAbilities\Public\ActiveGameplayEffectHandle.h(9,7): note: 参见“UAbilitySystemComponent”的声明
class UAbilitySystemComponent;
      ^
F:\GameStudy\JJK_theHiddenOnes\Source\JJK_theHiddenOnes\Training\StanceSwitchAbility.cpp(55,8): error C2027: 使用了未定义类型“UAbilitySystemComponent”
			if (ASC->HasMatchingGameplayTag(TAG_Stance_Melee))
			    ^
F:\GameStudy\UE_5.8\Engine\Plugins\Runtime\GameplayAbilities\Source\GameplayAbilities\Public\ActiveGameplayEffectHandle.h(9,7): note: 参见“UAbilitySystemComponent”的声明
class UAbilitySystemComponent;
      ^
F:\GameStudy\JJK_theHiddenOnes\Source\JJK_theHiddenOnes\Training\StanceSwitchAbility.cpp(57,5): error C2027: 使用了未定义类型“UAbilitySystemComponent”
				ASC->RemoveLooseGameplayTag(TAG_Stance_Melee);
				^
F:\GameStudy\UE_5.8\Engine\Plugins\Runtime\GameplayAbilities\Source\GameplayAbilities\Public\ActiveGameplayEffectHandle.h(9,7): note: 参见“UAbilitySystemComponent”的声明
class UAbilitySystemComponent;
      ^
F:\GameStudy\JJK_theHiddenOnes\Source\JJK_theHiddenOnes\Training\StanceSwitchAbility.cpp(58,5): error C2027: 使用了未定义类型“UAbilitySystemComponent”
				ASC->AddLooseGameplayTag(TAG_Stance_Ranged);
				^
F:\GameStudy\UE_5.8\Engine\Plugins\Runtime\GameplayAbilities\Source\GameplayAbilities\Public\ActiveGameplayEffectHandle.h(9,7): note: 参见“UAbilitySystemComponent”的声明
class UAbilitySystemComponent;
      ^
F:\GameStudy\JJK_theHiddenOnes\Source\JJK_theHiddenOnes\Training\StanceSwitchAbility.cpp(62,5): error C2027: 使用了未定义类型“UAbilitySystemComponent”
				ASC->RemoveLooseGameplayTag(TAG_Stance_Ranged);
				^
F:\GameStudy\UE_5.8\Engine\Plugins\Runtime\GameplayAbilities\Source\GameplayAbilities\Public\ActiveGameplayEffectHandle.h(9,7): note: 参见“UAbilitySystemComponent”的声明
class UAbilitySystemComponent;
      ^
F:\GameStudy\JJK_theHiddenOnes\Source\JJK_theHiddenOnes\Training\StanceSwitchAbility.cpp(63,5): error C2027: 使用了未定义类型“UAbilitySystemComponent”
				ASC->AddLooseGameplayTag(TAG_Stance_Melee);
				^
F:\GameStudy\UE_5.8\Engine\Plugins\Runtime\GameplayAbilities\Source\GameplayAbilities\Public\ActiveGameplayEffectHandle.h(9,7): note: 参见“UAbilitySystemComponent”的声明
class UAbilitySystemComponent;
      ^
F:\GameStudy\JJK_theHiddenOnes\Source\JJK_theHiddenOnes\Training\StanceSwitchAbility.cpp(84,36): error C2440: “初始化”: 无法从“UFighterAbilitySystemComponent *”转换为“UAbilitySystemComponent *”
		if (UAbilitySystemComponent* ASC = Fighter->GetFighterAbilitySystemComponent())
		                                 ^
F:\GameStudy\JJK_theHiddenOnes\Source\JJK_theHiddenOnes\Training\StanceSwitchAbility.cpp(84,36): note: 指向的类型不相关; 转换需要 reinterpret_cast、C 样式强制转换或带圆括号的函数样式强制转换
F:\GameStudy\JJK_theHiddenOnes\Source\JJK_theHiddenOnes\Training\StanceSwitchAbility.cpp(86,4): error C2027: 使用了未定义类型“UAbilitySystemComponent”
			ASC->RemoveLooseGameplayTag(TAG_State_StanceSwitching);
			^
F:\GameStudy\UE_5.8\Engine\Plugins\Runtime\GameplayAbilities\Source\GameplayAbilities\Public\ActiveGameplayEffectHandle.h(9,7): note: 参见“UAbilitySystemComponent”的声明
class UAbilitySystemComponent;
      ^
[6/11] Compile [x64] MeleeComboAbility.cpp
F:\GameStudy\JJK_theHiddenOnes\Source\JJK_theHiddenOnes\Training\FighterCharacter.h(281,10): error C2086: “FVector AFighterCharacter::LastMoveInputDirection”: 重定义
	FVector LastMoveInputDirection = FVector::ZeroVector;
	        ^
F:\GameStudy\JJK_theHiddenOnes\Source\JJK_theHiddenOnes\Training\FighterCharacter.h(289,7): error C2535: “bool AFighterCharacter::HasCombatTag(const FGameplayTag &) const”: 已经定义或声明成员函数
	bool HasCombatTag(const FGameplayTag& Tag) const;
	     ^
F:\GameStudy\JJK_theHiddenOnes\Source\JJK_theHiddenOnes\Training\FighterCharacter.h(135,7): note: 参见“AFighterCharacter::HasCombatTag”的声明
	bool HasCombatTag(const FGameplayTag& Tag) const;
	     ^
F:\GameStudy\JJK_theHiddenOnes\Source\JJK_theHiddenOnes\Training\FighterCharacter.h(290,21): error C2535: “UAttackDefinition *AFighterCharacter::ResolveCurrentAttackDefinition(void) const”: 已经定义或声明成员函数
	UAttackDefinition* ResolveCurrentAttackDefinition() const;
	                   ^
F:\GameStudy\JJK_theHiddenOnes\Source\JJK_theHiddenOnes\Training\FighterCharacter.h(143,21): note: 参见“AFighterCharacter::ResolveCurrentAttackDefinition”的声明
	UAttackDefinition* ResolveCurrentAttackDefinition() const;
	                   ^
F:\GameStudy\JJK_theHiddenOnes\Source\JJK_theHiddenOnes\Training\FighterCharacter.h(291,16): error C2535: “UAnimMontage *AFighterCharacter::GetHitReactMontage(void) const”: 已经定义或声明成员函数
	UAnimMontage* GetHitReactMontage() const;
	              ^
F:\GameStudy\JJK_theHiddenOnes\Source\JJK_theHiddenOnes\Training\FighterCharacter.h(144,16): note: 参见“AFighterCharacter::GetHitReactMontage”的声明
	UAnimMontage* GetHitReactMontage() const;
	              ^
F:\GameStudy\JJK_theHiddenOnes\Source\JJK_theHiddenOnes\Training\FighterCharacter.h(292,7): error C2535: “bool AFighterCharacter::ModifyActionResource(float)”: 已经定义或声明成员函数
	bool ModifyActionResource(float SignedAmount);
	     ^
F:\GameStudy\JJK_theHiddenOnes\Source\JJK_theHiddenOnes\Training\FighterCharacter.h(145,7): note: 参见“AFighterCharacter::ModifyActionResource”的声明
	bool ModifyActionResource(float SignedAmount);
	     ^
F:\GameStudy\JJK_theHiddenOnes\Source\JJK_theHiddenOnes\Training\FighterCharacter.h(293,7): error C2535: “void AFighterCharacter::TickResourceRegen(void)”: 已经定义或声明成员函数
	void TickResourceRegen();
	     ^
F:\GameStudy\JJK_theHiddenOnes\Source\JJK_theHiddenOnes\Training\FighterCharacter.h(146,7): note: 参见“AFighterCharacter::TickResourceRegen”的声明
	void TickResourceRegen();
	     ^
F:\GameStudy\JJK_theHiddenOnes\Source\JJK_theHiddenOnes\Training\FighterCharacter.h(156,29): error C2065: “PendingDodge”: 未声明的标识符
	void ClearPendingDodge() { PendingDodge.bPending = false; }
	                           ^
F:\GameStudy\JJK_theHiddenOnes\Source\JJK_theHiddenOnes\Training\MeleeComboAbility.cpp(41,26): error C2039: "InstanceMatches": 不是 "UMeleeComboAbility" 的成员
bool UMeleeComboAbility::InstanceMatches() const
                         ^
F:\GameStudy\JJK_theHiddenOnes\Source\JJK_theHiddenOnes\Training\MeleeComboAbility.h(21,7): note: 参见“UMeleeComboAbility”的声明
class UMeleeComboAbility : public UGameplayAbility
      ^
F:\GameStudy\JJK_theHiddenOnes\Source\JJK_theHiddenOnes\Training\MeleeComboAbility.cpp(41,26): error C2270: “InstanceMatches”: 非成员函数上不允许修饰符
bool UMeleeComboAbility::InstanceMatches() const
                         ^
F:\GameStudy\JJK_theHiddenOnes\Source\JJK_theHiddenOnes\Training\MeleeComboAbility.cpp(43,37): error C2065: “CachedFighter”: 未声明的标识符
	const AFighterCharacter* Fighter = CachedFighter.Get();
	                                   ^
F:\GameStudy\JJK_theHiddenOnes\Source\JJK_theHiddenOnes\Training\MeleeComboAbility.cpp(45,27): error C2065: “bInstanceActive”: 未声明的标识符
	return Hit != nullptr && bInstanceActive && Hit->GetActiveInstanceId() == AttackInstanceId;
	                         ^
F:\GameStudy\JJK_theHiddenOnes\Source\JJK_theHiddenOnes\Training\MeleeComboAbility.cpp(45,76): error C2065: “AttackInstanceId”: 未声明的标识符
	return Hit != nullptr && bInstanceActive && Hit->GetActiveInstanceId() == AttackInstanceId;
	                                                                          ^
F:\GameStudy\JJK_theHiddenOnes\Source\JJK_theHiddenOnes\Training\MeleeComboAbility.cpp(90,16): error C2664: “bool AFighterCharacter::ConsumePendingSequence(TArray<UAttackDefinition *,TSizedDefaultAllocator<32>> &,int32 &)”: 无法将参数 1 从“TArray<TObjectPtr<UAttackDefinition>,FDefaultAllocator>”转换为“TArray<UAttackDefinition *,TSizedDefaultAllocator<32>> &”
	if (!Fighter->ConsumePendingSequence(SegmentSequence, SegmentIndex))
	              ^
F:\GameStudy\JJK_theHiddenOnes\Source\JJK_theHiddenOnes\Training\FighterCharacter.h(162,7): note: 参见“AFighterCharacter::ConsumePendingSequence”的声明
	bool ConsumePendingSequence(TArray<UAttackDefinition*>& OutSequence, int32& OutSegmentIndex);
	     ^
F:\GameStudy\JJK_theHiddenOnes\Source\JJK_theHiddenOnes\Training\MeleeComboAbility.cpp(90,16): note: 尝试匹配参数列表“(TArray<TObjectPtr<UAttackDefinition>,FDefaultAllocator>, int32)”时
	if (!Fighter->ConsumePendingSequence(SegmentSequence, SegmentIndex))
	              ^
F:\GameStudy\JJK_theHiddenOnes\Source\JJK_theHiddenOnes\Training\MeleeComboAbility.cpp(114,6): error C2065: “AbilitySystemComponent”: 未声明的标识符
	if (AbilitySystemComponent)
	    ^
F:\GameStudy\JJK_theHiddenOnes\Source\JJK_theHiddenOnes\Training\MeleeComboAbility.cpp(116,3): error C2065: “AbilitySystemComponent”: 未声明的标识符
		AbilitySystemComponent->AddLooseGameplayTag(TAG_State_Attacking);
		^
F:\GameStudy\JJK_theHiddenOnes\Source\JJK_theHiddenOnes\Training\MeleeComboAbility.cpp(147,55): error C2065: “AbilitySystemComponent”: 未声明的标识符
	if (Def->bGrantsSuperArmor && !bSuperArmorApplied && AbilitySystemComponent)
	                                                     ^
F:\GameStudy\JJK_theHiddenOnes\Source\JJK_theHiddenOnes\Training\MeleeComboAbility.cpp(149,3): error C2065: “AbilitySystemComponent”: 未声明的标识符
		AbilitySystemComponent->AddLooseGameplayTag(TAG_State_SuperArmor);
		^
[7/11] Compile [x64] FighterCharacter.cpp
F:\GameStudy\JJK_theHiddenOnes\Source\JJK_theHiddenOnes\Training\FighterCharacter.h(99,23): error C3646: “ValidateAttackRequest”: 未知重写说明符
	EActionRequestResult ValidateAttackRequest() const;
	                     ^
F:\GameStudy\JJK_theHiddenOnes\Source\JJK_theHiddenOnes\Training\FighterCharacter.h(99,44): error C2059: 语法错误:“(”
	EActionRequestResult ValidateAttackRequest() const;
	                                          ^
F:\GameStudy\JJK_theHiddenOnes\Source\JJK_theHiddenOnes\Training\FighterCharacter.h(99,52): error C2238: 意外的标记位于“;”之前
	EActionRequestResult ValidateAttackRequest() const;
	                                                  ^
F:\GameStudy\JJK_theHiddenOnes\Source\JJK_theHiddenOnes\Training\FighterCharacter.h(102,29): error C2061: 语法错误: 标识符“ECachedAction”
	bool RequestAttackSequence(ECachedAction Action);
	                           ^
F:\GameStudy\JJK_theHiddenOnes\Source\JJK_theHiddenOnes\Training\FighterCharacter.h(135,20): error C4430: 缺少类型说明符 - 假定为 int。注意: C++ 不支持默认 int
	bool HasCombatTag(const FGameplayTag& Tag) const;
	                  ^
F:\GameStudy\JJK_theHiddenOnes\Source\JJK_theHiddenOnes\Training\FighterCharacter.h(135,38): error C2143: 语法错误: 缺少“,”(在“&”的前面)
	bool HasCombatTag(const FGameplayTag& Tag) const;
	                                    ^
F:\GameStudy\JJK_theHiddenOnes\Source\JJK_theHiddenOnes\Training\FighterCharacter.h(143,19): error C2143: 语法错误: 缺少“;”(在“*”的前面)
	UAttackDefinition* ResolveCurrentAttackDefinition() const;
	                 ^
F:\GameStudy\JJK_theHiddenOnes\Source\JJK_theHiddenOnes\Training\FighterCharacter.h(143,2): error C4430: 缺少类型说明符 - 假定为 int。注意: C++ 不支持默认 int
	UAttackDefinition* ResolveCurrentAttackDefinition() const;
	^
F:\GameStudy\JJK_theHiddenOnes\Source\JJK_theHiddenOnes\Training\FighterCharacter.h(143,59): error C2238: 意外的标记位于“;”之前
	UAttackDefinition* ResolveCurrentAttackDefinition() const;
	                                                         ^
F:\GameStudy\JJK_theHiddenOnes\Source\JJK_theHiddenOnes\Training\FighterCharacter.h(162,37): error C2065: “UAttackDefinition”: 未声明的标识符
	bool ConsumePendingSequence(TArray<UAttackDefinition*>& OutSequence, int32& OutSegmentIndex);
	                                   ^
F:\GameStudy\JJK_theHiddenOnes\Source\JJK_theHiddenOnes\Training\FighterCharacter.h(162,55): error C2059: 语法错误:“>”
	bool ConsumePendingSequence(TArray<UAttackDefinition*>& OutSequence, int32& OutSegmentIndex);
	                                                     ^
F:\GameStudy\JJK_theHiddenOnes\Source\JJK_theHiddenOnes\Training\FighterCharacter.h(278,9): error C2065: “UAttackDefinition”: 未声明的标识符
	TArray<UAttackDefinition*> PendingSequence;
	       ^
F:\GameStudy\JJK_theHiddenOnes\Source\JJK_theHiddenOnes\Training\FighterCharacter.h(278,27): error C2059: 语法错误:“>”
	TArray<UAttackDefinition*> PendingSequence;
	                         ^
F:\GameStudy\JJK_theHiddenOnes\Source\JJK_theHiddenOnes\Training\FighterCharacter.h(281,10): error C2086: “FVector AFighterCharacter::LastMoveInputDirection”: 重定义
	FVector LastMoveInputDirection = FVector::ZeroVector;
	        ^
F:\GameStudy\JJK_theHiddenOnes\Source\JJK_theHiddenOnes\Training\FighterCharacter.h(289,20): error C4430: 缺少类型说明符 - 假定为 int。注意: C++ 不支持默认 int
	bool HasCombatTag(const FGameplayTag& Tag) const;
	                  ^
F:\GameStudy\JJK_theHiddenOnes\Source\JJK_theHiddenOnes\Training\FighterCharacter.h(289,38): error C2143: 语法错误: 缺少“,”(在“&”的前面)
	bool HasCombatTag(const FGameplayTag& Tag) const;
	                                    ^
F:\GameStudy\JJK_theHiddenOnes\Source\JJK_theHiddenOnes\Training\FighterCharacter.h(289,7): error C2535: “bool AFighterCharacter::HasCombatTag(const int) const”: 已经定义或声明成员函数
	bool HasCombatTag(const FGameplayTag& Tag) const;
	     ^
F:\GameStudy\JJK_theHiddenOnes\Source\JJK_theHiddenOnes\Training\FighterCharacter.h(135,7): note: 参见“AFighterCharacter::HasCombatTag”的声明
	bool HasCombatTag(const FGameplayTag& Tag) const;
	     ^
F:\GameStudy\JJK_theHiddenOnes\Source\JJK_theHiddenOnes\Training\FighterCharacter.h(290,19): error C2143: 语法错误: 缺少“;”(在“*”的前面)
	UAttackDefinition* ResolveCurrentAttackDefinition() const;
	                 ^
F:\GameStudy\JJK_theHiddenOnes\Source\JJK_theHiddenOnes\Training\FighterCharacter.h(290,2): error C4430: 缺少类型说明符 - 假定为 int。注意: C++ 不支持默认 int
	UAttackDefinition* ResolveCurrentAttackDefinition() const;
	^
F:\GameStudy\JJK_theHiddenOnes\Source\JJK_theHiddenOnes\Training\FighterCharacter.h(290,59): error C2238: 意外的标记位于“;”之前
	UAttackDefinition* ResolveCurrentAttackDefinition() const;
	                                                         ^
F:\GameStudy\JJK_theHiddenOnes\Source\JJK_theHiddenOnes\Training\FighterCharacter.h(291,16): error C2535: “UAnimMontage *AFighterCharacter::GetHitReactMontage(void) const”: 已经定义或声明成员函数
	UAnimMontage* GetHitReactMontage() const;
	              ^
F:\GameStudy\JJK_theHiddenOnes\Source\JJK_theHiddenOnes\Training\FighterCharacter.h(144,16): note: 参见“AFighterCharacter::GetHitReactMontage”的声明
	UAnimMontage* GetHitReactMontage() const;
	              ^
F:\GameStudy\JJK_theHiddenOnes\Source\JJK_theHiddenOnes\Training\FighterCharacter.h(292,7): error C2535: “bool AFighterCharacter::ModifyActionResource(float)”: 已经定义或声明成员函数
	bool ModifyActionResource(float SignedAmount);
	     ^
F:\GameStudy\JJK_theHiddenOnes\Source\JJK_theHiddenOnes\Training\FighterCharacter.h(145,7): note: 参见“AFighterCharacter::ModifyActionResource”的声明
	bool ModifyActionResource(float SignedAmount);
	     ^
F:\GameStudy\JJK_theHiddenOnes\Source\JJK_theHiddenOnes\Training\FighterCharacter.h(293,7): error C2535: “void AFighterCharacter::TickResourceRegen(void)”: 已经定义或声明成员函数
	void TickResourceRegen();
	     ^
F:\GameStudy\JJK_theHiddenOnes\Source\JJK_theHiddenOnes\Training\FighterCharacter.h(146,7): note: 参见“AFighterCharacter::TickResourceRegen”的声明
	void TickResourceRegen();
	     ^
F:\GameStudy\JJK_theHiddenOnes\Source\JJK_theHiddenOnes\Training\FighterCharacter.h(156,29): error C2065: “PendingDodge”: 未声明的标识符
	void ClearPendingDodge() { PendingDodge.bPending = false; }
	                           ^
F:\GameStudy\JJK_theHiddenOnes\Source\JJK_theHiddenOnes\Training\FighterCharacter.cpp(105,25): error C2511: “bool AFighterCharacter::HasCombatTag(const FGameplayTag &) const”:“AFighterCharacter”中没有找到重载的成员函数
bool AFighterCharacter::HasCombatTag(const FGameplayTag& Tag) const
                        ^
F:\GameStudy\JJK_theHiddenOnes\Source\JJK_theHiddenOnes\Training\FighterCharacter.h(31,7): note: 参见“AFighterCharacter”的声明
class AFighterCharacter : public AJJK_theHiddenOnesCharacter, public IAbilitySystemInterface
      ^
F:\GameStudy\JJK_theHiddenOnes\Source\JJK_theHiddenOnes\Training\FighterCharacter.cpp(107,9): error C2597: 对非静态成员“AFighterCharacter::AbilitySystem”的非法引用
	return AbilitySystem != nullptr && AbilitySystem->HasMatchingGameplayTag(Tag);
	       ^
F:\GameStudy\JJK_theHiddenOnes\Source\JJK_theHiddenOnes\Training\FighterCharacter.cpp(107,9): note: 参见“AFighterCharacter::AbilitySystem”的声明
F:\GameStudy\JJK_theHiddenOnes\Source\JJK_theHiddenOnes\Training\FighterCharacter.cpp(107,9): error C3867: “AFighterCharacter::AbilitySystem”: 非标准语法；请使用 "&" 来创建指向成员的指针
F:\GameStudy\JJK_theHiddenOnes\Source\JJK_theHiddenOnes\Training\FighterCharacter.cpp(107,9): error C2568: “!=”: 无法解析函数重载
F:\GameStudy\JJK_theHiddenOnes\Source\JJK_theHiddenOnes\Training\FighterCharacter.cpp(112,9): error C2664: “bool AFighterCharacter::HasCombatTag(const int) const”: 无法将参数 1 从“FNativeGameplayTag”转换为“const int”
	return HasCombatTag(TAG_State_Attacking);
	       ^
F:\GameStudy\JJK_theHiddenOnes\Source\JJK_theHiddenOnes\Training\FighterCharacter.cpp(112,22): note: 没有可用于执行该转换的用户定义的转换运算符，或者无法调用该运算符
	return HasCombatTag(TAG_State_Attacking);
	                    ^
F:\GameStudy\JJK_theHiddenOnes\Source\JJK_theHiddenOnes\Training\FighterCharacter.h(135,7): note: 参见“AFighterCharacter::HasCombatTag”的声明
	bool HasCombatTag(const FGameplayTag& Tag) const;
	     ^
F:\GameStudy\JJK_theHiddenOnes\Source\JJK_theHiddenOnes\Training\FighterCharacter.cpp(112,9): note: 尝试匹配参数列表“(FNativeGameplayTag)”时
	return HasCombatTag(TAG_State_Attacking);
	       ^
F:\GameStudy\JJK_theHiddenOnes\Source\JJK_theHiddenOnes\Training\FighterCharacter.cpp(126,6): error C2664: “bool AFighterCharacter::HasCombatTag(const int) const”: 无法将参数 1 从“FNativeGameplayTag”转换为“const int”
	if (HasCombatTag(TAG_State_HitStun) || HasCombatTag(TAG_State_GuardStun)
	    ^
F:\GameStudy\JJK_theHiddenOnes\Source\JJK_theHiddenOnes\Training\FighterCharacter.cpp(126,19): note: 没有可用于执行该转换的用户定义的转换运算符，或者无法调用该运算符
	if (HasCombatTag(TAG_State_HitStun) || HasCombatTag(TAG_State_GuardStun)
	                 ^
F:\GameStudy\JJK_theHiddenOnes\Source\JJK_theHiddenOnes\Training\FighterCharacter.h(135,7): note: 参见“AFighterCharacter::HasCombatTag”的声明
	bool HasCombatTag(const FGameplayTag& Tag) const;
	     ^
F:\GameStudy\JJK_theHiddenOnes\Source\JJK_theHiddenOnes\Training\FighterCharacter.cpp(126,6): note: 尝试匹配参数列表“(FNativeGameplayTag)”时
	if (HasCombatTag(TAG_State_HitStun) || HasCombatTag(TAG_State_GuardStun)
	    ^
F:\GameStudy\JJK_theHiddenOnes\Source\JJK_theHiddenOnes\Training\FighterCharacter.cpp(126,41): error C2664: “bool AFighterCharacter::HasCombatTag(const int) const”: 无法将参数 1 从“FNativeGameplayTag”转换为“const int”
	if (HasCombatTag(TAG_State_HitStun) || HasCombatTag(TAG_State_GuardStun)
	                                       ^
F:\GameStudy\JJK_theHiddenOnes\Source\JJK_theHiddenOnes\Training\FighterCharacter.cpp(126,54): note: 没有可用于执行该转换的用户定义的转换运算符，或者无法调用该运算符
	if (HasCombatTag(TAG_State_HitStun) || HasCombatTag(TAG_State_GuardStun)
	                                                    ^
F:\GameStudy\JJK_theHiddenOnes\Source\JJK_theHiddenOnes\Training\FighterCharacter.h(135,7): note: 参见“AFighterCharacter::HasCombatTag”的声明
	bool HasCombatTag(const FGameplayTag& Tag) const;
	     ^
F:\GameStudy\JJK_theHiddenOnes\Source\JJK_theHiddenOnes\Training\FighterCharacter.cpp(126,41): note: 尝试匹配参数列表“(FNativeGameplayTag)”时
	if (HasCombatTag(TAG_State_HitStun) || HasCombatTag(TAG_State_GuardStun)
	                                       ^
F:\GameStudy\JJK_theHiddenOnes\Source\JJK_theHiddenOnes\Training\FighterCharacter.cpp(127,6): error C2664: “bool AFighterCharacter::HasCombatTag(const int) const”: 无法将参数 1 从“FNativeGameplayTag”转换为“const int”
		|| HasCombatTag(TAG_State_KnockedDown) || HasCombatTag(TAG_State_DodgeInvulnerable)
		   ^
F:\GameStudy\JJK_theHiddenOnes\Source\JJK_theHiddenOnes\Training\FighterCharacter.cpp(127,19): note: 没有可用于执行该转换的用户定义的转换运算符，或者无法调用该运算符
		|| HasCombatTag(TAG_State_KnockedDown) || HasCombatTag(TAG_State_DodgeInvulnerable)
		                ^
F:\GameStudy\JJK_theHiddenOnes\Source\JJK_theHiddenOnes\Training\FighterCharacter.h(135,7): note: 参见“AFighterCharacter::HasCombatTag”的声明
	bool HasCombatTag(const FGameplayTag& Tag) const;
	     ^
F:\GameStudy\JJK_theHiddenOnes\Source\JJK_theHiddenOnes\Training\FighterCharacter.cpp(127,6): note: 尝试匹配参数列表“(FNativeGameplayTag)”时
		|| HasCombatTag(TAG_State_KnockedDown) || HasCombatTag(TAG_State_DodgeInvulnerable)
		   ^
F:\GameStudy\JJK_theHiddenOnes\Source\JJK_theHiddenOnes\Training\FighterCharacter.cpp(127,45): error C2664: “bool AFighterCharacter::HasCombatTag(const int) const”: 无法将参数 1 从“FNativeGameplayTag”转换为“const int”
		|| HasCombatTag(TAG_State_KnockedDown) || HasCombatTag(TAG_State_DodgeInvulnerable)
		                                          ^
F:\GameStudy\JJK_theHiddenOnes\Source\JJK_theHiddenOnes\Training\FighterCharacter.cpp(127,58): note: 没有可用于执行该转换的用户定义的转换运算符，或者无法调用该运算符
		|| HasCombatTag(TAG_State_KnockedDown) || HasCombatTag(TAG_State_DodgeInvulnerable)
		                                                       ^
F:\GameStudy\JJK_theHiddenOnes\Source\JJK_theHiddenOnes\Training\FighterCharacter.h(135,7): note: 参见“AFighterCharacter::HasCombatTag”的声明
	bool HasCombatTag(const FGameplayTag& Tag) const;
	     ^
F:\GameStudy\JJK_theHiddenOnes\Source\JJK_theHiddenOnes\Training\FighterCharacter.cpp(127,45): note: 尝试匹配参数列表“(FNativeGameplayTag)”时
		|| HasCombatTag(TAG_State_KnockedDown) || HasCombatTag(TAG_State_DodgeInvulnerable)
		                                          ^
F:\GameStudy\JJK_theHiddenOnes\Source\JJK_theHiddenOnes\Training\FighterCharacter.cpp(128,6): error C2664: “bool AFighterCharacter::HasCombatTag(const int) const”: 无法将参数 1 从“FNativeGameplayTag”转换为“const int”
		|| HasCombatTag(TAG_State_DodgeRecovery) || HasCombatTag(TAG_State_StanceSwitching))
		   ^
F:\GameStudy\JJK_theHiddenOnes\Source\JJK_theHiddenOnes\Training\FighterCharacter.cpp(128,19): note: 没有可用于执行该转换的用户定义的转换运算符，或者无法调用该运算符
		|| HasCombatTag(TAG_State_DodgeRecovery) || HasCombatTag(TAG_State_StanceSwitching))
		                ^
F:\GameStudy\JJK_theHiddenOnes\Source\JJK_theHiddenOnes\Training\FighterCharacter.h(135,7): note: 参见“AFighterCharacter::HasCombatTag”的声明
	bool HasCombatTag(const FGameplayTag& Tag) const;
	     ^
F:\GameStudy\JJK_theHiddenOnes\Source\JJK_theHiddenOnes\Training\FighterCharacter.cpp(128,6): note: 尝试匹配参数列表“(FNativeGameplayTag)”时
		|| HasCombatTag(TAG_State_DodgeRecovery) || HasCombatTag(TAG_State_StanceSwitching))
		   ^
F:\GameStudy\JJK_theHiddenOnes\Source\JJK_theHiddenOnes\Training\FighterCharacter.cpp(128,47): error C2664: “bool AFighterCharacter::HasCombatTag(const int) const”: 无法将参数 1 从“FNativeGameplayTag”转换为“const int”
		|| HasCombatTag(TAG_State_DodgeRecovery) || HasCombatTag(TAG_State_StanceSwitching))
		                                            ^
F:\GameStudy\JJK_theHiddenOnes\Source\JJK_theHiddenOnes\Training\FighterCharacter.cpp(128,60): note: 没有可用于执行该转换的用户定义的转换运算符，或者无法调用该运算符
		|| HasCombatTag(TAG_State_DodgeRecovery) || HasCombatTag(TAG_State_StanceSwitching))
		                                                         ^
F:\GameStudy\JJK_theHiddenOnes\Source\JJK_theHiddenOnes\Training\FighterCharacter.h(135,7): note: 参见“AFighterCharacter::HasCombatTag”的声明
	bool HasCombatTag(const FGameplayTag& Tag) const;
	     ^
F:\GameStudy\JJK_theHiddenOnes\Source\JJK_theHiddenOnes\Training\FighterCharacter.cpp(128,47): note: 尝试匹配参数列表“(FNativeGameplayTag)”时
		|| HasCombatTag(TAG_State_DodgeRecovery) || HasCombatTag(TAG_State_StanceSwitching))
		                                            ^
F:\GameStudy\JJK_theHiddenOnes\Source\JJK_theHiddenOnes\Training\FighterCharacter.cpp(137,9): error C2664: “bool AFighterCharacter::HasCombatTag(const int) const”: 无法将参数 1 从“FNativeGameplayTag”转换为“const int”
	return HasCombatTag(TAG_State_SuperArmor);
	       ^
F:\GameStudy\JJK_theHiddenOnes\Source\JJK_theHiddenOnes\Training\FighterCharacter.cpp(137,22): note: 没有可用于执行该转换的用户定义的转换运算符，或者无法调用该运算符
	return HasCombatTag(TAG_State_SuperArmor);
	                    ^
F:\GameStudy\JJK_theHiddenOnes\Source\JJK_theHiddenOnes\Training\FighterCharacter.h(135,7): note: 参见“AFighterCharacter::HasCombatTag”的声明
	bool HasCombatTag(const FGameplayTag& Tag) const;
	     ^
F:\GameStudy\JJK_theHiddenOnes\Source\JJK_theHiddenOnes\Training\FighterCharacter.cpp(137,9): note: 尝试匹配参数列表“(FNativeGameplayTag)”时
	return HasCombatTag(TAG_State_SuperArmor);
	       ^
F:\GameStudy\JJK_theHiddenOnes\Source\JJK_theHiddenOnes\Training\FighterCharacter.cpp(145,41): error C2039: "ValidateAttackRequest": 不是 "AFighterCharacter" 的成员
EActionRequestResult AFighterCharacter::ValidateAttackRequest() const
                                        ^
F:\GameStudy\JJK_theHiddenOnes\Source\JJK_theHiddenOnes\Training\FighterCharacter.h(31,7): note: 参见“AFighterCharacter”的声明
class AFighterCharacter : public AJJK_theHiddenOnesCharacter, public IAbilitySystemInterface
      ^
F:\GameStudy\JJK_theHiddenOnes\Source\JJK_theHiddenOnes\Training\FighterCharacter.cpp(145,41): error C2270: “ValidateAttackRequest”: 非成员函数上不允许修饰符
EActionRequestResult AFighterCharacter::ValidateAttackRequest() const
                                        ^
F:\GameStudy\JJK_theHiddenOnes\Source\JJK_theHiddenOnes\Training\FighterCharacter.cpp(147,6): error C3861: “IsDead”: 找不到标识符
	if (IsDead())
	    ^
F:\GameStudy\JJK_theHiddenOnes\Source\JJK_theHiddenOnes\Training\FighterCharacter.cpp(151,7): error C3861: “IsStatsInitialized”: 找不到标识符
	if (!IsStatsInitialized() || AbilitySystem == nullptr)
	     ^
F:\GameStudy\JJK_theHiddenOnes\Source\JJK_theHiddenOnes\Training\FighterCharacter.cpp(151,31): error C2065: “AbilitySystem”: 未声明的标识符
	if (!IsStatsInitialized() || AbilitySystem == nullptr)
	                             ^
F:\GameStudy\JJK_theHiddenOnes\Source\JJK_theHiddenOnes\Training\FighterCharacter.cpp(155,6): error C3861: “GetStance”: 找不到标识符
	if (GetStance() == EFighterStance::Ranged)
	    ^
F:\GameStudy\JJK_theHiddenOnes\Source\JJK_theHiddenOnes\Training\FighterCharacter.cpp(155,18): error C2677: 二进制“==”: 没有找到接受“EFighterStance”类型的全局运算符(或没有可接受的转换)
	if (GetStance() == EFighterStance::Ranged)
	                ^
F:\GameStudy\UE_5.8\Engine\Source\Runtime\CoreUObject\Public\UObject\WeakFieldPtr.h(386,26): note: 可能是“bool operator ==(TYPE_OF_NULLPTR,const TWeakFieldPtr<T> &)”
UE_FORCEINLINE_HINT bool operator==(TYPE_OF_NULLPTR, const TWeakFieldPtr<RhsType>& Rhs)
                         ^
F:\GameStudy\JJK_theHiddenOnes\Source\JJK_theHiddenOnes\Training\FighterCharacter.cpp(155,15): note: “bool operator ==(TYPE_OF_NULLPTR,const TWeakFieldPtr<T> &)”: 无法从“EFighterStance”推导出“const TWeakFieldPtr<T> &”的 模板 参数
	if (GetStance() == EFighterStance::Ranged)
	             ^
F:\GameStudy\UE_5.8\Engine\Source\Runtime\CoreUObject\Public\UObject\WeakFieldPtr.h(376,26): note: 或    “bool operator ==(const TWeakFieldPtr<T> &,TYPE_OF_NULLPTR)”
UE_FORCEINLINE_HINT bool operator==(const TWeakFieldPtr<LhsType>& Lhs, TYPE_OF_NULLPTR)
                         ^
F:\GameStudy\JJK_theHiddenOnes\Source\JJK_theHiddenOnes\Training\FighterCharacter.cpp(155,15): note: “bool operator ==(const TWeakFieldPtr<T> &,TYPE_OF_NULLPTR)”: 无法从“<error type>”推导出“const TWeakFieldPtr<T> &”的 模板 参数
	if (GetStance() == EFighterStance::Ranged)
	             ^
F:\GameStudy\UE_5.8\Engine\Source\Runtime\CoreUObject\Public\UObject\WeakFieldPtr.h(38,6): note: 或    “bool operator ==(const LhsType *,const TWeakFieldPtr<RhsType> &)”
bool operator==(const LhsType* Lhs, const TWeakFieldPtr<RhsType>& Rhs);
     ^
F:\GameStudy\JJK_theHiddenOnes\Source\JJK_theHiddenOnes\Training\FighterCharacter.cpp(155,15): note: “bool operator ==(const LhsType *,const TWeakFieldPtr<RhsType> &)”: 无法从“<error type>”推导出“const LhsType *”的 模板 参数
	if (GetStance() == EFighterStance::Ranged)
	             ^
F:\GameStudy\UE_5.8\Engine\Source\Runtime\CoreUObject\Public\UObject\WeakFieldPtr.h(31,6): note: 或    “bool operator ==(const TWeakFieldPtr<T> &,const RhsType *)”
bool operator==(const TWeakFieldPtr<LhsType>& Lhs, const RhsType* Rhs);
     ^
F:\GameStudy\JJK_theHiddenOnes\Source\JJK_theHiddenOnes\Training\FighterCharacter.cpp(155,15): note: “bool operator ==(const TWeakFieldPtr<T> &,const RhsType *)”: 无法从“<error type>”推导出“const TWeakFieldPtr<T> &”的 模板 参数
	if (GetStance() == EFighterStance::Ranged)
	             ^
F:\GameStudy\UE_5.8\Engine\Source\Runtime\CoreUObject\Public\UObject\WeakFieldPtr.h(24,6): note: 或    “bool operator ==(const TWeakFieldPtr<T> &,const TWeakFieldPtr<RhsType> &)”
bool operator==(const TWeakFieldPtr<LhsType>& Lhs, const TWeakFieldPtr<RhsType>& Rhs);
     ^
F:\GameStudy\JJK_theHiddenOnes\Source\JJK_theHiddenOnes\Training\FighterCharacter.cpp(155,15): note: “bool operator ==(const TWeakFieldPtr<T> &,const TWeakFieldPtr<RhsType> &)”: 无法从“<error type>”推导出“const TWeakFieldPtr<T> &”的 模板 参数
	if (GetStance() == EFighterStance::Ranged)
	             ^
F:\GameStudy\UE_5.8\Engine\Source\Runtime\Core\Public\Misc\UEOps.h(209,41): note: 或    “bool operator ==(const LhsType &,int UE::Core::Private::FIncomplete::* )”
[[nodiscard]] UE_REWRITE constexpr bool operator==(const LhsType& Lhs, int UE::Core::Private::FIncomplete::* Rhs)
                                        ^
F:\GameStudy\JJK_theHiddenOnes\Source\JJK_theHiddenOnes\Training\FighterCharacter.cpp(155,37): note: “初始化”: 无法从“EFighterStance”转换为“int UE::Core::Private::FIncomplete::* ”
	if (GetStance() == EFighterStance::Ranged)
	                                   ^
F:\GameStudy\JJK_theHiddenOnes\Source\JJK_theHiddenOnes\Training\FighterCharacter.cpp(155,37): note: 没有使该转换得以执行的上下文
F:\GameStudy\UE_5.8\Engine\Source\Runtime\Core\Public\Misc\UEOps.h(190,41): note: 或    “bool operator ==(const LhsType &,const RhsType &)”
[[nodiscard]] UE_REWRITE constexpr bool operator==(const LhsType& Lhs, const RhsType& Rhs)
                                        ^
F:\GameStudy\JJK_theHiddenOnes\Source\JJK_theHiddenOnes\Training\FighterCharacter.cpp(155,15): note: 未满足关联约束
	if (GetStance() == EFighterStance::Ranged)
	             ^
F:\GameStudy\UE_5.8\Engine\Source\Runtime\Core\Public\Misc\UEOps.h(189,11): note: 未满足约束
	requires UE::Core::Private::CWithUEOpEquals<LhsType, RhsType> || UE::Core::Private::CWithUEOpEquals<RhsType, LhsType>
	         ^
F:\GameStudy\UE_5.8\Engine\Source\Runtime\Core\Public\Misc\UEOps.h(189,67): note: 未满足约束
	requires UE::Core::Private::CWithUEOpEquals<LhsType, RhsType> || UE::Core::Private::CWithUEOpEquals<RhsType, LhsType>
	                                                                 ^
F:\GameStudy\UE_5.8\Engine\Source\Runtime\Core\Public\Misc\UEOps.h(190,41): note: 或 "bool operator ==(const LhsType &,const RhsType &)" [综合表达式 "y == x"]
[[nodiscard]] UE_REWRITE constexpr bool operator==(const LhsType& Lhs, const RhsType& Rhs)
                                        ^
F:\GameStudy\JJK_theHiddenOnes\Source\JJK_theHiddenOnes\Training\FighterCharacter.cpp(155,15): note: 未满足关联约束
	if (GetStance() == EFighterStance::Ranged)
	             ^
F:\GameStudy\UE_5.8\Engine\Source\Runtime\Core\Public\Misc\UEOps.h(189,11): note: 未满足约束
	requires UE::Core::Private::CWithUEOpEquals<LhsType, RhsType> || UE::Core::Private::CWithUEOpEquals<RhsType, LhsType>
	         ^
F:\GameStudy\UE_5.8\Engine\Source\Runtime\Core\Public\Misc\UEOps.h(189,67): note: 未满足约束
	requires UE::Core::Private::CWithUEOpEquals<LhsType, RhsType> || UE::Core::Private::CWithUEOpEquals<RhsType, LhsType>
	                                                                 ^
F:\GameStudy\UE_5.8\Engine\Source\Runtime\Core\Public\Misc\UEOps.h(209,41): note: 或 "bool operator ==(const LhsType &,int UE::Core::Private::FIncomplete::* )" [综合表达式 "y == x"]
[[nodiscard]] UE_REWRITE constexpr bool operator==(const LhsType& Lhs, int UE::Core::Private::FIncomplete::* Rhs)
                                        ^
F:\GameStudy\JJK_theHiddenOnes\Source\JJK_theHiddenOnes\Training\FighterCharacter.cpp(155,15): note: 未满足关联约束
	if (GetStance() == EFighterStance::Ranged)
	             ^
F:\GameStudy\UE_5.8\Engine\Source\Runtime\Core\Public\Misc\UEOps.h(208,11): note: 计算结果为 false 的概念“UE::Core::Private::CWithUEOpEquals<EFighterStance,nullptr>”
	requires UE::Core::Private::CWithUEOpEquals<LhsType, decltype(nullptr)>
	         ^
F:\GameStudy\UE_5.8\Engine\Source\Runtime\Core\Public\Misc\UEOps.h(96,9): note: “.UEOpEquals”的左边必须有类/结构/联合
		{ Lhs.UEOpEquals(Rhs) } -> UE::CSameAs<bool>;
		      ^
F:\GameStudy\UE_5.8\Engine\Source\Runtime\Core\Public\Misc\UEOps.h(96,9): note: 类型为“EFighterStance”
F:\GameStudy\UE_5.8\Engine\Source\Runtime\CoreUObject\Public\UObject\WeakFieldPtr.h(24,6): note: 或 "bool operator ==(const TWeakFieldPtr<T> &,const TWeakFieldPtr<RhsType> &)" [综合表达式 "y == x"]
bool operator==(const TWeakFieldPtr<LhsType>& Lhs, const TWeakFieldPtr<RhsType>& Rhs);
     ^
F:\GameStudy\JJK_theHiddenOnes\Source\JJK_theHiddenOnes\Training\FighterCharacter.cpp(155,15): note: “bool operator ==(const TWeakFieldPtr<T> &,const TWeakFieldPtr<RhsType> &)”: 无法从“EFighterStance”推导出“const TWeakFieldPtr<T> &”的 模板 参数
	if (GetStance() == EFighterStance::Ranged)
	             ^
F:\GameStudy\UE_5.8\Engine\Source\Runtime\CoreUObject\Public\UObject\WeakFieldPtr.h(31,6): note: 或 "bool operator ==(const TWeakFieldPtr<T> &,const RhsType *)" [综合表达式 "y == x"]
bool operator==(const TWeakFieldPtr<LhsType>& Lhs, const RhsType* Rhs);
     ^
F:\GameStudy\JJK_theHiddenOnes\Source\JJK_theHiddenOnes\Training\FighterCharacter.cpp(155,15): note: “bool operator ==(const TWeakFieldPtr<T> &,const RhsType *)”: 无法从“EFighterStance”推导出“const TWeakFieldPtr<T> &”的 模板 参数
	if (GetStance() == EFighterStance::Ranged)
	             ^
F:\GameStudy\UE_5.8\Engine\Source\Runtime\CoreUObject\Public\UObject\WeakFieldPtr.h(38,6): note: 或 "bool operator ==(const LhsType *,const TWeakFieldPtr<RhsType> &)" [综合表达式 "y == x"]
bool operator==(const LhsType* Lhs, const TWeakFieldPtr<RhsType>& Rhs);
     ^
F:\GameStudy\JJK_theHiddenOnes\Source\JJK_theHiddenOnes\Training\FighterCharacter.cpp(155,15): note: “bool operator ==(const LhsType *,const TWeakFieldPtr<RhsType> &)”: 无法从“EFighterStance”推导出“const LhsType *”的 模板 参数
	if (GetStance() == EFighterStance::Ranged)
	             ^
F:\GameStudy\UE_5.8\Engine\Source\Runtime\CoreUObject\Public\UObject\WeakFieldPtr.h(376,26): note: 或 "bool operator ==(const TWeakFieldPtr<T> &,TYPE_OF_NULLPTR)" [综合表达式 "y == x"]
UE_FORCEINLINE_HINT bool operator==(const TWeakFieldPtr<LhsType>& Lhs, TYPE_OF_NULLPTR)
                         ^
F:\GameStudy\JJK_theHiddenOnes\Source\JJK_theHiddenOnes\Training\FighterCharacter.cpp(155,15): note: “bool operator ==(const TWeakFieldPtr<T> &,TYPE_OF_NULLPTR)”: 无法从“EFighterStance”推导出“const TWeakFieldPtr<T> &”的 模板 参数
	if (GetStance() == EFighterStance::Ranged)
	             ^
F:\GameStudy\UE_5.8\Engine\Source\Runtime\CoreUObject\Public\UObject\WeakFieldPtr.h(386,26): note: 或 "bool operator ==(TYPE_OF_NULLPTR,const TWeakFieldPtr<T> &)" [综合表达式 "y == x"]
UE_FORCEINLINE_HINT bool operator==(TYPE_OF_NULLPTR, const TWeakFieldPtr<RhsType>& Rhs)
                         ^
F:\GameStudy\JJK_theHiddenOnes\Source\JJK_theHiddenOnes\Training\FighterCharacter.cpp(155,15): note: “bool operator ==(TYPE_OF_NULLPTR,const TWeakFieldPtr<T> &)”: 无法从“<error type>”推导出“const TWeakFieldPtr<T> &”的 模板 参数
	if (GetStance() == EFighterStance::Ranged)
	             ^
F:\GameStudy\JJK_theHiddenOnes\Source\JJK_theHiddenOnes\Training\FighterCharacter.cpp(159,6): error C3861: “HasCombatTag”: 找不到标识符
	if (HasCombatTag(TAG_State_HitStun) || HasCombatTag(TAG_State_KnockedDown)
	    ^
F:\GameStudy\JJK_theHiddenOnes\Source\JJK_theHiddenOnes\Training\FighterCharacter.cpp(159,41): error C3861: “HasCombatTag”: 找不到标识符
	if (HasCombatTag(TAG_State_HitStun) || HasCombatTag(TAG_State_KnockedDown)
	                                       ^
F:\GameStudy\JJK_theHiddenOnes\Source\JJK_theHiddenOnes\Training\FighterCharacter.cpp(160,6): error C3861: “HasCombatTag”: 找不到标识符
		|| HasCombatTag(TAG_State_StanceSwitching) || HasCombatTag(TAG_State_GuardStun))
		   ^
F:\GameStudy\JJK_theHiddenOnes\Source\JJK_theHiddenOnes\Training\FighterCharacter.cpp(160,49): error C3861: “HasCombatTag”: 找不到标识符
		|| HasCombatTag(TAG_State_StanceSwitching) || HasCombatTag(TAG_State_GuardStun))
		                                              ^
F:\GameStudy\JJK_theHiddenOnes\Source\JJK_theHiddenOnes\Training\FighterCharacter.cpp(167,39): error C2039: "ResolveAttackDefinition": 不是 "AFighterCharacter" 的成员
UAttackDefinition* AFighterCharacter::ResolveAttackDefinition(ECachedAction Action) const
                                      ^
F:\GameStudy\JJK_theHiddenOnes\Source\JJK_theHiddenOnes\Training\FighterCharacter.h(31,7): note: 参见“AFighterCharacter”的声明
class AFighterCharacter : public AJJK_theHiddenOnesCharacter, public IAbilitySystemInterface
      ^
F:\GameStudy\JJK_theHiddenOnes\Source\JJK_theHiddenOnes\Training\FighterCharacter.cpp(167,39): error C2270: “ResolveAttackDefinition”: 非成员函数上不允许修饰符
UAttackDefinition* AFighterCharacter::ResolveAttackDefinition(ECachedAction Action) const
                                      ^
F:\GameStudy\JJK_theHiddenOnes\Source\JJK_theHiddenOnes\Training\FighterCharacter.cpp(169,34): error C3861: “GetDefinition”: 找不到标识符
	const UFighterDefinition* Def = GetDefinition();
	                                ^
F:\GameStudy\JJK_theHiddenOnes\Source\JJK_theHiddenOnes\Training\FighterCharacter.cpp(189,25): error C2511: “bool AFighterCharacter::RequestAttackSequence(ECachedAction)”:“AFighterCharacter”中没有找到重载的成员函数
bool AFighterCharacter::RequestAttackSequence(ECachedAction Action)
                        ^
F:\GameStudy\JJK_theHiddenOnes\Source\JJK_theHiddenOnes\Training\FighterCharacter.h(31,7): note: 参见“AFighterCharacter”的声明
class AFighterCharacter : public AJJK_theHiddenOnesCharacter, public IAbilitySystemInterface
      ^
F:\GameStudy\JJK_theHiddenOnes\Source\JJK_theHiddenOnes\Training\FighterCharacter.cpp(194,3): error C2352: “UObjectBaseUtility::GetName”: 调用非静态成员函数需要一个对象
		UE_LOG(LogTemp, Log, TEXT("[Combat] %s 攻击序列缺少定义（%d）"), *GetName(), static_cast<int32>(Action));
		^
F:\GameStudy\UE_5.8\Engine\Source\Runtime\CoreUObject\Public\UObject\UObjectBaseUtility.h(453,30): note: 参见“UObjectBaseUtility::GetName”的声明
	UE_FORCEINLINE_HINT FString GetName() const
	                            ^
F:\GameStudy\JJK_theHiddenOnes\Source\JJK_theHiddenOnes\Training\FighterCharacter.cpp(202,46): error C2352: “AFighterCharacter::GetDefinition”: 调用非静态成员函数需要一个对象
	if (Action == ECachedAction::NextSegment && GetDefinition() != nullptr)
	                                            ^
F:\GameStudy\JJK_theHiddenOnes\Source\JJK_theHiddenOnes\Training\FighterCharacter.h(51,22): note: 参见“AFighterCharacter::GetDefinition”的声明
	UFighterDefinition* GetDefinition() const { return Definition; }
	                    ^
F:\GameStudy\JJK_theHiddenOnes\Source\JJK_theHiddenOnes\Training\FighterCharacter.cpp(204,33): error C2352: “AFighterCharacter::GetDefinition”: 调用非静态成员函数需要一个对象
		for (UAttackDefinition* Seg : GetDefinition()->ComboSegments)
		                              ^
F:\GameStudy\JJK_theHiddenOnes\Source\JJK_theHiddenOnes\Training\FighterCharacter.h(51,22): note: 参见“AFighterCharacter::GetDefinition”的声明
	UFighterDefinition* GetDefinition() const { return Definition; }
	                    ^
F:\GameStudy\JJK_theHiddenOnes\Source\JJK_theHiddenOnes\Training\FighterCharacter.cpp(204,31): error C2143: 语法错误: 缺少“;”(在“:”的前面)
		for (UAttackDefinition* Seg : GetDefinition()->ComboSegments)
		                            ^
F:\GameStudy\JJK_theHiddenOnes\Source\JJK_theHiddenOnes\Training\FighterCharacter.cpp(204,63): error C2143: 语法错误: 缺少“;”(在“)”的前面)
		for (UAttackDefinition* Seg : GetDefinition()->ComboSegments)
		                                                            ^
F:\GameStudy\JJK_theHiddenOnes\Source\JJK_theHiddenOnes\Training\FighterCharacter.cpp(213,2): error C2597: 对非静态成员“AFighterCharacter::PendingSegmentIndex”的非法引用
	PendingSegmentIndex = 0;
	^
F:\GameStudy\JJK_theHiddenOnes\Source\JJK_theHiddenOnes\Training\FighterCharacter.h(279,8): note: 参见“AFighterCharacter::PendingSegmentIndex”的声明
	int32 PendingSegmentIndex = 0;
	      ^
F:\GameStudy\JJK_theHiddenOnes\Source\JJK_theHiddenOnes\Training\FighterCharacter.cpp(214,9): error C2597: 对非静态成员“AFighterCharacter::AbilitySystem”的非法引用
	return AbilitySystem != nullptr && AbilitySystem->TryActivateAbilityByClass(GetMeleeAttackAbilityClass());
	       ^
F:\GameStudy\JJK_theHiddenOnes\Source\JJK_theHiddenOnes\Training\FighterCharacter.cpp(214,9): note: 参见“AFighterCharacter::AbilitySystem”的声明
F:\GameStudy\JJK_theHiddenOnes\Source\JJK_theHiddenOnes\Training\FighterCharacter.cpp(214,9): error C3867: “AFighterCharacter::AbilitySystem”: 非标准语法；请使用 "&" 来创建指向成员的指针
F:\GameStudy\JJK_theHiddenOnes\Source\JJK_theHiddenOnes\Training\FighterCharacter.cpp(214,9): error C2568: “!=”: 无法解析函数重载
F:\GameStudy\JJK_theHiddenOnes\Source\JJK_theHiddenOnes\Training\FighterCharacter.cpp(214,78): error C2352: “AFighterCharacter::GetMeleeAttackAbilityClass”: 调用非静态成员函数需要一个对象
	return AbilitySystem != nullptr && AbilitySystem->TryActivateAbilityByClass(GetMeleeAttackAbilityClass());
	                                                                            ^
F:\GameStudy\JJK_theHiddenOnes\Source\JJK_theHiddenOnes\Training\FighterCharacter.cpp(140,50): note: 参见“AFighterCharacter::GetMeleeAttackAbilityClass”的声明
TSubclassOf<UGameplayAbility> AFighterCharacter::GetMeleeAttackAbilityClass() const
                                                 ^
F:\GameStudy\JJK_theHiddenOnes\Source\JJK_theHiddenOnes\Training\FighterCharacter.cpp(217,25): error C2511: “bool AFighterCharacter::ConsumePendingSequence(TArray<UAttackDefinition *,TSizedDefaultAllocator<32>> &,int32 &)”:“AFighterCharacter”中没有找到重载的成员函数
bool AFighterCharacter::ConsumePendingSequence(TArray<UAttackDefinition*>& OutSequence, int32& OutSegmentIndex)
                        ^
F:\GameStudy\JJK_theHiddenOnes\Source\JJK_theHiddenOnes\Training\FighterCharacter.h(31,7): note: 参见“AFighterCharacter”的声明
class AFighterCharacter : public AJJK_theHiddenOnesCharacter, public IAbilitySystemInterface
      ^
F:\GameStudy\JJK_theHiddenOnes\Source\JJK_theHiddenOnes\Training\FighterCharacter.cpp(223,16): error C2597: 对非静态成员“AFighterCharacter::PendingSequence”的非法引用
	OutSequence = PendingSequence;
	              ^
F:\GameStudy\JJK_theHiddenOnes\Source\JJK_theHiddenOnes\Training\FighterCharacter.h(278,29): note: 参见“AFighterCharacter::PendingSequence”的声明
	TArray<UAttackDefinition*> PendingSequence;
	                           ^
F:\GameStudy\JJK_theHiddenOnes\Source\JJK_theHiddenOnes\Training\FighterCharacter.cpp(223,16): note: 模板实例化上下文(最早的实例化上下文)为
	OutSequence = PendingSequence;
	              ^
F:\GameStudy\JJK_theHiddenOnes\Source\JJK_theHiddenOnes\Training\FighterCharacter.cpp(223,2): note: 在编译 类 模板 成员函数“TArray<UAttackDefinition *,TSizedDefaultAllocator<32>> &TArray<UAttackDefinition *,TSizedDefaultAllocator<32>>::operator =(TArray<UAttackDefinition *,TSizedDefaultAllocator<32>> &&)”时
	OutSequence = PendingSequence;
	^
F:\GameStudy\JJK_theHiddenOnes\Source\JJK_theHiddenOnes\Training\FighterCharacter.cpp(224,20): error C2597: 对非静态成员“AFighterCharacter::PendingSegmentIndex”的非法引用
	OutSegmentIndex = PendingSegmentIndex;
	                  ^
F:\GameStudy\JJK_theHiddenOnes\Source\JJK_theHiddenOnes\Training\FighterCharacter.cpp(224,20): note: 参见“AFighterCharacter::PendingSegmentIndex”的声明
F:\GameStudy\JJK_theHiddenOnes\Source\JJK_theHiddenOnes\Training\FighterCharacter.cpp(224,20): error C3867: “AFighterCharacter::PendingSegmentIndex”: 非标准语法；请使用 "&" 来创建指向成员的指针
F:\GameStudy\JJK_theHiddenOnes\Source\JJK_theHiddenOnes\Training\FighterCharacter.cpp(224,20): error C2568: “=”: 无法解析函数重载
F:\GameStudy\JJK_theHiddenOnes\Source\JJK_theHiddenOnes\Training\FighterCharacter.cpp(226,2): error C2597: 对非静态成员“AFighterCharacter::PendingSegmentIndex”的非法引用
	PendingSegmentIndex = 0;
	^
F:\GameStudy\JJK_theHiddenOnes\Source\JJK_theHiddenOnes\Training\FighterCharacter.h(279,8): note: 参见“AFighterCharacter::PendingSegmentIndex”的声明
	int32 PendingSegmentIndex = 0;
	      ^
F:\GameStudy\JJK_theHiddenOnes\Source\JJK_theHiddenOnes\Training\FighterCharacter.cpp(230,25): error C2084: 函数“void AFighterCharacter::SetPendingSequenceSegment(int32)”已有主体
void AFighterCharacter::SetPendingSequenceSegment(int32 Index)
                        ^
F:\GameStudy\JJK_theHiddenOnes\Source\JJK_theHiddenOnes\Training\FighterCharacter.h(163,7): note: 参见“AFighterCharacter::SetPendingSequenceSegment”的前一个定义
	void SetPendingSequenceSegment(int32 Index) { PendingSegmentIndex = Index; }
	     ^
F:\GameStudy\JJK_theHiddenOnes\Source\JJK_theHiddenOnes\Training\FighterCharacter.cpp(256,67): error C2653: “UModifyActionResourceGameplayEffect”: 不是类或命名空间名称
	FGameplayEffectSpecHandle Spec = AbilitySystem->MakeOutgoingSpec(UModifyActionResourceGameplayEffect::StaticClass(), 1.f, AbilitySystem->MakeEffectContext());
	                                                                 ^
F:\GameStudy\JJK_theHiddenOnes\Source\JJK_theHiddenOnes\Training\FighterCharacter.cpp(272,56): error C2065: “ResourceRegen”: 未声明的标识符
	if (Current < Max && (Now - LastResourceSpendTime) >= ResourceRegen.RegenDelay)
	                                                      ^
F:\GameStudy\JJK_theHiddenOnes\Source\JJK_theHiddenOnes\Training\FighterCharacter.cpp(274,25): error C2065: “ResourceRegen”: 未声明的标识符
		RestoreActionResource(ResourceRegen.RegenPerSecond * ResourceRegenTimerInterval);
		                      ^
F:\GameStudy\JJK_theHiddenOnes\Source\JJK_theHiddenOnes\Training\FighterCharacter.cpp(280,18): error C2664: “bool AFighterCharacter::HasCombatTag(const int) const”: 无法将参数 1 从“FNativeGameplayTag”转换为“const int”
	if (IsDead() || HasCombatTag(TAG_State_HitStun) || HasCombatTag(TAG_State_KnockedDown)
	                ^
F:\GameStudy\JJK_theHiddenOnes\Source\JJK_theHiddenOnes\Training\FighterCharacter.cpp(280,31): note: 没有可用于执行该转换的用户定义的转换运算符，或者无法调用该运算符
	if (IsDead() || HasCombatTag(TAG_State_HitStun) || HasCombatTag(TAG_State_KnockedDown)
	                             ^
F:\GameStudy\JJK_theHiddenOnes\Source\JJK_theHiddenOnes\Training\FighterCharacter.h(135,7): note: 参见“AFighterCharacter::HasCombatTag”的声明
	bool HasCombatTag(const FGameplayTag& Tag) const;
	     ^
F:\GameStudy\JJK_theHiddenOnes\Source\JJK_theHiddenOnes\Training\FighterCharacter.cpp(280,18): note: 尝试匹配参数列表“(FNativeGameplayTag)”时
	if (IsDead() || HasCombatTag(TAG_State_HitStun) || HasCombatTag(TAG_State_KnockedDown)
	                ^
F:\GameStudy\JJK_theHiddenOnes\Source\JJK_theHiddenOnes\Training\FighterCharacter.cpp(280,53): error C2664: “bool AFighterCharacter::HasCombatTag(const int) const”: 无法将参数 1 从“FNativeGameplayTag”转换为“const int”
	if (IsDead() || HasCombatTag(TAG_State_HitStun) || HasCombatTag(TAG_State_KnockedDown)
	                                                   ^
F:\GameStudy\JJK_theHiddenOnes\Source\JJK_theHiddenOnes\Training\FighterCharacter.cpp(280,66): note: 没有可用于执行该转换的用户定义的转换运算符，或者无法调用该运算符
	if (IsDead() || HasCombatTag(TAG_State_HitStun) || HasCombatTag(TAG_State_KnockedDown)
	                                                                ^
F:\GameStudy\JJK_theHiddenOnes\Source\JJK_theHiddenOnes\Training\FighterCharacter.h(135,7): note: 参见“AFighterCharacter::HasCombatTag”的声明
	bool HasCombatTag(const FGameplayTag& Tag) const;
	     ^
F:\GameStudy\JJK_theHiddenOnes\Source\JJK_theHiddenOnes\Training\FighterCharacter.cpp(280,53): note: 尝试匹配参数列表“(FNativeGameplayTag)”时
	if (IsDead() || HasCombatTag(TAG_State_HitStun) || HasCombatTag(TAG_State_KnockedDown)
	                                                   ^
F:\GameStudy\JJK_theHiddenOnes\Source\JJK_theHiddenOnes\Training\FighterCharacter.cpp(281,6): error C2664: “bool AFighterCharacter::HasCombatTag(const int) const”: 无法将参数 1 从“FNativeGameplayTag”转换为“const int”
		|| HasCombatTag(TAG_State_GuardStun) || HasCombatTag(TAG_State_DodgeRecovery)
		   ^
F:\GameStudy\JJK_theHiddenOnes\Source\JJK_theHiddenOnes\Training\FighterCharacter.cpp(281,19): note: 没有可用于执行该转换的用户定义的转换运算符，或者无法调用该运算符
		|| HasCombatTag(TAG_State_GuardStun) || HasCombatTag(TAG_State_DodgeRecovery)
		                ^
F:\GameStudy\JJK_theHiddenOnes\Source\JJK_theHiddenOnes\Training\FighterCharacter.h(135,7): note: 参见“AFighterCharacter::HasCombatTag”的声明
	bool HasCombatTag(const FGameplayTag& Tag) const;
	     ^
F:\GameStudy\JJK_theHiddenOnes\Source\JJK_theHiddenOnes\Training\FighterCharacter.cpp(281,6): note: 尝试匹配参数列表“(FNativeGameplayTag)”时
		|| HasCombatTag(TAG_State_GuardStun) || HasCombatTag(TAG_State_DodgeRecovery)
		   ^
F:\GameStudy\JJK_theHiddenOnes\Source\JJK_theHiddenOnes\Training\FighterCharacter.cpp(281,43): error C2664: “bool AFighterCharacter::HasCombatTag(const int) const”: 无法将参数 1 从“FNativeGameplayTag”转换为“const int”
		|| HasCombatTag(TAG_State_GuardStun) || HasCombatTag(TAG_State_DodgeRecovery)
		                                        ^
F:\GameStudy\JJK_theHiddenOnes\Source\JJK_theHiddenOnes\Training\FighterCharacter.cpp(281,56): note: 没有可用于执行该转换的用户定义的转换运算符，或者无法调用该运算符
		|| HasCombatTag(TAG_State_GuardStun) || HasCombatTag(TAG_State_DodgeRecovery)
		                                                     ^
F:\GameStudy\JJK_theHiddenOnes\Source\JJK_theHiddenOnes\Training\FighterCharacter.h(135,7): note: 参见“AFighterCharacter::HasCombatTag”的声明
	bool HasCombatTag(const FGameplayTag& Tag) const;
	     ^
F:\GameStudy\JJK_theHiddenOnes\Source\JJK_theHiddenOnes\Training\FighterCharacter.cpp(281,43): note: 尝试匹配参数列表“(FNativeGameplayTag)”时
		|| HasCombatTag(TAG_State_GuardStun) || HasCombatTag(TAG_State_DodgeRecovery)
		                                        ^
F:\GameStudy\JJK_theHiddenOnes\Source\JJK_theHiddenOnes\Training\FighterCharacter.cpp(282,6): error C2664: “bool AFighterCharacter::HasCombatTag(const int) const”: 无法将参数 1 从“FNativeGameplayTag”转换为“const int”
		|| HasCombatTag(TAG_State_StanceSwitching) || IsThrowPaired())
		   ^
F:\GameStudy\JJK_theHiddenOnes\Source\JJK_theHiddenOnes\Training\FighterCharacter.cpp(282,19): note: 没有可用于执行该转换的用户定义的转换运算符，或者无法调用该运算符
		|| HasCombatTag(TAG_State_StanceSwitching) || IsThrowPaired())
		                ^
F:\GameStudy\JJK_theHiddenOnes\Source\JJK_theHiddenOnes\Training\FighterCharacter.h(135,7): note: 参见“AFighterCharacter::HasCombatTag”的声明
	bool HasCombatTag(const FGameplayTag& Tag) const;
	     ^
F:\GameStudy\JJK_theHiddenOnes\Source\JJK_theHiddenOnes\Training\FighterCharacter.cpp(282,6): note: 尝试匹配参数列表“(FNativeGameplayTag)”时
		|| HasCombatTag(TAG_State_StanceSwitching) || IsThrowPaired())
		   ^
F:\GameStudy\JJK_theHiddenOnes\Source\JJK_theHiddenOnes\Training\FighterCharacter.cpp(300,2): error C2065: “PendingDodge”: 未声明的标识符
	PendingDodge.Direction = Direction;
	^
F:\GameStudy\JJK_theHiddenOnes\Source\JJK_theHiddenOnes\Training\FighterCharacter.cpp(301,2): error C2065: “PendingDodge”: 未声明的标识符
	PendingDodge.bCancel = bCancel;
	^
F:\GameStudy\JJK_theHiddenOnes\Source\JJK_theHiddenOnes\Training\FighterCharacter.cpp(318,35): error C2664: “bool AFighterCharacter::HasCombatTag(const int) const”: 无法将参数 1 从“FNativeGameplayTag”转换为“const int”
	if (IsDead() || IsAttacking() || HasCombatTag(TAG_State_HitStun)
	                                 ^
F:\GameStudy\JJK_theHiddenOnes\Source\JJK_theHiddenOnes\Training\FighterCharacter.cpp(318,48): note: 没有可用于执行该转换的用户定义的转换运算符，或者无法调用该运算符
	if (IsDead() || IsAttacking() || HasCombatTag(TAG_State_HitStun)
	                                              ^
F:\GameStudy\JJK_theHiddenOnes\Source\JJK_theHiddenOnes\Training\FighterCharacter.h(135,7): note: 参见“AFighterCharacter::HasCombatTag”的声明
	bool HasCombatTag(const FGameplayTag& Tag) const;
	     ^
F:\GameStudy\JJK_theHiddenOnes\Source\JJK_theHiddenOnes\Training\FighterCharacter.cpp(318,35): note: 尝试匹配参数列表“(FNativeGameplayTag)”时
	if (IsDead() || IsAttacking() || HasCombatTag(TAG_State_HitStun)
	                                 ^
F:\GameStudy\JJK_theHiddenOnes\Source\JJK_theHiddenOnes\Training\FighterCharacter.cpp(319,6): error C2664: “bool AFighterCharacter::HasCombatTag(const int) const”: 无法将参数 1 从“FNativeGameplayTag”转换为“const int”
		|| HasCombatTag(TAG_State_KnockedDown) || HasCombatTag(TAG_State_StanceSwitching)
		   ^
F:\GameStudy\JJK_theHiddenOnes\Source\JJK_theHiddenOnes\Training\FighterCharacter.cpp(319,19): note: 没有可用于执行该转换的用户定义的转换运算符，或者无法调用该运算符
		|| HasCombatTag(TAG_State_KnockedDown) || HasCombatTag(TAG_State_StanceSwitching)
		                ^
F:\GameStudy\JJK_theHiddenOnes\Source\JJK_theHiddenOnes\Training\FighterCharacter.h(135,7): note: 参见“AFighterCharacter::HasCombatTag”的声明
	bool HasCombatTag(const FGameplayTag& Tag) const;
	     ^
F:\GameStudy\JJK_theHiddenOnes\Source\JJK_theHiddenOnes\Training\FighterCharacter.cpp(319,6): note: 尝试匹配参数列表“(FNativeGameplayTag)”时
		|| HasCombatTag(TAG_State_KnockedDown) || HasCombatTag(TAG_State_StanceSwitching)
		   ^
F:\GameStudy\JJK_theHiddenOnes\Source\JJK_theHiddenOnes\Training\FighterCharacter.cpp(319,45): error C2664: “bool AFighterCharacter::HasCombatTag(const int) const”: 无法将参数 1 从“FNativeGameplayTag”转换为“const int”
		|| HasCombatTag(TAG_State_KnockedDown) || HasCombatTag(TAG_State_StanceSwitching)
		                                          ^
F:\GameStudy\JJK_theHiddenOnes\Source\JJK_theHiddenOnes\Training\FighterCharacter.cpp(319,58): note: 没有可用于执行该转换的用户定义的转换运算符，或者无法调用该运算符
		|| HasCombatTag(TAG_State_KnockedDown) || HasCombatTag(TAG_State_StanceSwitching)
		                                                       ^
F:\GameStudy\JJK_theHiddenOnes\Source\JJK_theHiddenOnes\Training\FighterCharacter.h(135,7): note: 参见“AFighterCharacter::HasCombatTag”的声明
	bool HasCombatTag(const FGameplayTag& Tag) const;
	     ^
F:\GameStudy\JJK_theHiddenOnes\Source\JJK_theHiddenOnes\Training\FighterCharacter.cpp(319,45): note: 尝试匹配参数列表“(FNativeGameplayTag)”时
		|| HasCombatTag(TAG_State_KnockedDown) || HasCombatTag(TAG_State_StanceSwitching)
		                                          ^
F:\GameStudy\JJK_theHiddenOnes\Source\JJK_theHiddenOnes\Training\FighterCharacter.cpp(356,12): error C3892: “ToAttacker”: 不能给常量赋值
	ToAttacker.Z = 0.f;
	          ^
F:\GameStudy\JJK_theHiddenOnes\Source\JJK_theHiddenOnes\Training\FighterCharacter.cpp(382,80): error C2664: “bool AFighterCharacter::HasCombatTag(const int) const”: 无法将参数 1 从“FNativeGameplayTag”转换为“const int”
	if (IsThrowPaired() || Target->IsThrowPaired() || Target->IsDead() || Target->HasCombatTag(TAG_State_KnockedDown))
	                                                                              ^
F:\GameStudy\JJK_theHiddenOnes\Source\JJK_theHiddenOnes\Training\FighterCharacter.cpp(382,93): note: 没有可用于执行该转换的用户定义的转换运算符，或者无法调用该运算符
	if (IsThrowPaired() || Target->IsThrowPaired() || Target->IsDead() || Target->HasCombatTag(TAG_State_KnockedDown))
	                                                                                           ^
F:\GameStudy\JJK_theHiddenOnes\Source\JJK_theHiddenOnes\Training\FighterCharacter.h(135,7): note: 参见“AFighterCharacter::HasCombatTag”的声明
	bool HasCombatTag(const FGameplayTag& Tag) const;
	     ^
F:\GameStudy\JJK_theHiddenOnes\Source\JJK_theHiddenOnes\Training\FighterCharacter.cpp(382,80): note: 尝试匹配参数列表“(FNativeGameplayTag)”时
	if (IsThrowPaired() || Target->IsThrowPaired() || Target->IsDead() || Target->HasCombatTag(TAG_State_KnockedDown))
	                                                                              ^
F:\GameStudy\JJK_theHiddenOnes\Source\JJK_theHiddenOnes\Training\FighterCharacter.cpp(419,2): error C2664: “bool AActor::SetActorLocation(const FVector &,bool,FHitResult *,ETeleportType)”: 无法将参数 3 从“bool”转换为“FHitResult *”
	SetActorLocation(FVector(AttackerPos.X, AttackerPos.Y, GetActorLocation().Z), false, true);
	^
F:\GameStudy\JJK_theHiddenOnes\Source\JJK_theHiddenOnes\Training\FighterCharacter.cpp(419,87): note: 从整型类型转换为指针类型需要 reinterpret_cast、C 样式转换或带圆括号的函数样式强制转换
	SetActorLocation(FVector(AttackerPos.X, AttackerPos.Y, GetActorLocation().Z), false, true);
	                                                                                     ^
F:\GameStudy\UE_5.8\Engine\Source\Runtime\Engine\Classes\GameFramework\Actor.h(1636,18): note: 参见“AActor::SetActorLocation”的声明
	ENGINE_API bool SetActorLocation(const FVector& NewLocation, bool bSweep=false, FHitResult* OutSweepHitResult=nullptr, ETeleportType Teleport = ETeleportType::None);
	                ^
F:\GameStudy\JJK_theHiddenOnes\Source\JJK_theHiddenOnes\Training\FighterCharacter.cpp(419,2): note: 尝试匹配参数列表“(FVector, bool, bool)”时
	SetActorLocation(FVector(AttackerPos.X, AttackerPos.Y, GetActorLocation().Z), false, true);
	^
F:\GameStudy\JJK_theHiddenOnes\Source\JJK_theHiddenOnes\Training\FighterCharacter.cpp(552,32): error C3861: “ResolveCurrentAttackDefinition”: 找不到标识符
		if (UAttackDefinition* Seg = ResolveCurrentAttackDefinition())
		                             ^
F:\GameStudy\JJK_theHiddenOnes\Source\JJK_theHiddenOnes\Training\FighterCharacter.cpp(580,39): error C2039: "ResolveCurrentAttackDefinition": 不是 "AFighterCharacter" 的成员
UAttackDefinition* AFighterCharacter::ResolveCurrentAttackDefinition() const
                                      ^
F:\GameStudy\JJK_theHiddenOnes\Source\JJK_theHiddenOnes\Training\FighterCharacter.h(31,7): note: 参见“AFighterCharacter”的声明
class AFighterCharacter : public AJJK_theHiddenOnesCharacter, public IAbilitySystemInterface
      ^
F:\GameStudy\JJK_theHiddenOnes\Source\JJK_theHiddenOnes\Training\FighterCharacter.cpp(580,39): error C2270: “ResolveCurrentAttackDefinition”: 非成员函数上不允许修饰符
UAttackDefinition* AFighterCharacter::ResolveCurrentAttackDefinition() const
                                      ^
F:\GameStudy\JJK_theHiddenOnes\Source\JJK_theHiddenOnes\Training\FighterCharacter.cpp(582,9): error C2065: “CombatHit”: 未声明的标识符
	return CombatHit ? CombatHit->GetActiveDefinition() : nullptr;
	       ^
F:\GameStudy\JJK_theHiddenOnes\Source\JJK_theHiddenOnes\Training\FighterCharacter.cpp(582,21): error C2065: “CombatHit”: 未声明的标识符
	return CombatHit ? CombatHit->GetActiveDefinition() : nullptr;
	                   ^
F:\GameStudy\JJK_theHiddenOnes\Source\JJK_theHiddenOnes\Training\FighterCharacter.cpp(722,25): error C2039: "JJKDebugForceHitReact": 不是 "AFighterCharacter" 的成员
void AFighterCharacter::JJKDebugForceHitReact()
                        ^
F:\GameStudy\JJK_theHiddenOnes\Source\JJK_theHiddenOnes\Training\FighterCharacter.h(31,7): note: 参见“AFighterCharacter”的声明
class AFighterCharacter : public AJJK_theHiddenOnesCharacter, public IAbilitySystemInterface
      ^
F:\GameStudy\JJK_theHiddenOnes\Source\JJK_theHiddenOnes\Training\FighterCharacter.cpp(727,23): error C2065: “Definition”: 未声明的标识符
	Event.StunDuration = Definition && Definition->AttackDefinition ? Definition->AttackDefinition->HitStunDuration : 0.5f;
	                     ^
F:\GameStudy\JJK_theHiddenOnes\Source\JJK_theHiddenOnes\Training\FighterCharacter.cpp(727,37): error C2065: “Definition”: 未声明的标识符
	Event.StunDuration = Definition && Definition->AttackDefinition ? Definition->AttackDefinition->HitStunDuration : 0.5f;
	                                   ^
F:\GameStudy\JJK_theHiddenOnes\Source\JJK_theHiddenOnes\Training\FighterCharacter.cpp(727,68): error C2065: “Definition”: 未声明的标识符
	Event.StunDuration = Definition && Definition->AttackDefinition ? Definition->AttackDefinition->HitStunDuration : 0.5f;
	                                                                  ^
F:\GameStudy\JJK_theHiddenOnes\Source\JJK_theHiddenOnes\Training\FighterCharacter.cpp(729,22): error C3861: “GetActorLocation”: 找不到标识符
	Event.HitLocation = GetActorLocation();
	                    ^
F:\GameStudy\JJK_theHiddenOnes\Source\JJK_theHiddenOnes\Training\FighterCharacter.cpp(730,2): error C3861: “QueueCombatEvent”: 找不到标识符
	QueueCombatEvent(Event);
	^
F:\GameStudy\JJK_theHiddenOnes\Source\JJK_theHiddenOnes\Training\FighterCharacter.cpp(731,2): error C3861: “GetName”: 找不到标识符
	UE_LOG(LogTemp, Log, TEXT("[Combat] %s 调试注入受击（绕过检测窗口，异常注入标记）"), *GetName());
	^
F:\GameStudy\JJK_theHiddenOnes\Source\JJK_theHiddenOnes\Training\FighterCharacter.cpp(734,25): error C2039: "JJKDebugKill": 不是 "AFighterCharacter" 的成员
void AFighterCharacter::JJKDebugKill()
                        ^
F:\GameStudy\JJK_theHiddenOnes\Source\JJK_theHiddenOnes\Training\FighterCharacter.h(31,7): note: 参见“AFighterCharacter”的声明
class AFighterCharacter : public AJJK_theHiddenOnesCharacter, public IAbilitySystemInterface
      ^
F:\GameStudy\JJK_theHiddenOnes\Source\JJK_theHiddenOnes\Training\FighterCharacter.cpp(740,22): error C3861: “GetActorLocation”: 找不到标识符
	Event.HitLocation = GetActorLocation();
	                    ^
F:\GameStudy\JJK_theHiddenOnes\Source\JJK_theHiddenOnes\Training\FighterCharacter.cpp(741,2): error C3861: “QueueCombatEvent”: 找不到标识符
	QueueCombatEvent(Event);
	^
F:\GameStudy\JJK_theHiddenOnes\Source\JJK_theHiddenOnes\Training\FighterCharacter.cpp(741,2): fatal error C1003: 错误计数超过 100；正在停止编译
[8/11] Compile [x64] Module.JJK_theHiddenOnes.cpp
F:\GameStudy\JJK_theHiddenOnes\Source\JJK_theHiddenOnes\Training\FighterCharacter.h(281,10): error C2086: “FVector AFighterCharacter::LastMoveInputDirection”: 重定义
	FVector LastMoveInputDirection = FVector::ZeroVector;
	        ^
F:\GameStudy\JJK_theHiddenOnes\Source\JJK_theHiddenOnes\Training\FighterCharacter.h(289,7): error C2535: “bool AFighterCharacter::HasCombatTag(const FGameplayTag &) const”: 已经定义或声明成员函数
	bool HasCombatTag(const FGameplayTag& Tag) const;
	     ^
F:\GameStudy\JJK_theHiddenOnes\Source\JJK_theHiddenOnes\Training\FighterCharacter.h(135,7): note: 参见“AFighterCharacter::HasCombatTag”的声明
	bool HasCombatTag(const FGameplayTag& Tag) const;
	     ^
F:\GameStudy\JJK_theHiddenOnes\Source\JJK_theHiddenOnes\Training\FighterCharacter.h(290,21): error C2535: “UAttackDefinition *AFighterCharacter::ResolveCurrentAttackDefinition(void) const”: 已经定义或声明成员函数
	UAttackDefinition* ResolveCurrentAttackDefinition() const;
	                   ^
F:\GameStudy\JJK_theHiddenOnes\Source\JJK_theHiddenOnes\Training\FighterCharacter.h(143,21): note: 参见“AFighterCharacter::ResolveCurrentAttackDefinition”的声明
	UAttackDefinition* ResolveCurrentAttackDefinition() const;
	                   ^
F:\GameStudy\JJK_theHiddenOnes\Source\JJK_theHiddenOnes\Training\FighterCharacter.h(291,16): error C2535: “UAnimMontage *AFighterCharacter::GetHitReactMontage(void) const”: 已经定义或声明成员函数
	UAnimMontage* GetHitReactMontage() const;
	              ^
F:\GameStudy\JJK_theHiddenOnes\Source\JJK_theHiddenOnes\Training\FighterCharacter.h(144,16): note: 参见“AFighterCharacter::GetHitReactMontage”的声明
	UAnimMontage* GetHitReactMontage() const;
	              ^
F:\GameStudy\JJK_theHiddenOnes\Source\JJK_theHiddenOnes\Training\FighterCharacter.h(292,7): error C2535: “bool AFighterCharacter::ModifyActionResource(float)”: 已经定义或声明成员函数
	bool ModifyActionResource(float SignedAmount);
	     ^
F:\GameStudy\JJK_theHiddenOnes\Source\JJK_theHiddenOnes\Training\FighterCharacter.h(145,7): note: 参见“AFighterCharacter::ModifyActionResource”的声明
	bool ModifyActionResource(float SignedAmount);
	     ^
F:\GameStudy\JJK_theHiddenOnes\Source\JJK_theHiddenOnes\Training\FighterCharacter.h(293,7): error C2535: “void AFighterCharacter::TickResourceRegen(void)”: 已经定义或声明成员函数
	void TickResourceRegen();
	     ^
F:\GameStudy\JJK_theHiddenOnes\Source\JJK_theHiddenOnes\Training\FighterCharacter.h(146,7): note: 参见“AFighterCharacter::TickResourceRegen”的声明
	void TickResourceRegen();
	     ^
F:\GameStudy\JJK_theHiddenOnes\Source\JJK_theHiddenOnes\Training\FighterCharacter.h(156,29): error C2065: “PendingDodge”: 未声明的标识符
	void ClearPendingDodge() { PendingDodge.bPending = false; }
	                           ^
Total time in Unreal Build Accelerator local executor: 20.06 seconds

Result: Failed (OtherCompilationError)
Total execution time: 32.74 seconds
Trace written to file C:\Users\yaeonh\AppData\Local\UnrealBuildTool\Trace.uba with size 55.4kb
Using bundled DotNet SDK version: 10.0 win-x64
Running UnrealBuildTool: dotnet "..\..\Engine\Binaries\DotNET\UnrealBuildTool\UnrealBuildTool.dll" JJK_theHiddenOnesEditor Win64 Development -project=F:\GameStudy\JJK_theHiddenOnes\JJK_theHiddenOnes.uproject -WaitMutex
Log file: C:\Users\yaeonh\AppData\Local\UnrealBuildTool\Log.txt
Determining max actions to execute in parallel (6 physical cores, 12 logical cores)
  Executing up to 6 processes, one per physical core
  Requested 1.5 GB memory per action, 8.62 GB available: limiting max parallel actions to 5
Using 'git status' to determine working set for adaptive non-unity build (F:\GameStudy\JJK_theHiddenOnes).
UbaServer - Listening on 0.0.0.0:1345
Building JJK_theHiddenOnesEditor...
===== Toolchain Information =====
Using ISPC compiler (F:\GameStudy\UE_5.8\Engine\Source\ThirdParty\Intel\ISPC\bin\Windows\ispc.exe)
  Intel(r) Implicit SPMD Program Compiler (Intel(r) ISPC), 1.24.0 (build commit  @ 20250404, LLVM 18.1.2) 
Using Visual Studio 14.44.35217 toolchain (D:\Program Files\Microsoft Visual Studio\2022\Community\VC\Tools\MSVC\14.44.35207) and Windows 10.0.22621.0 SDK (C:\Program Files (x86)\Windows Kits\10).
[Adaptive Build] Excluded from JJK_theHiddenOnes unity file: ArenaPlayerController.cpp, AttackDefinition.cpp, CombatHitComponent.cpp, CombatInputComponent.cpp, CombatNativeTags.cpp, DodgeAbility.cpp, FighterCharacter.cpp, FighterDefinition.cpp, MeleeComboAbility.cpp, ModifyActionResourceGameplayEffect.cpp, StanceSwitchAbility.cpp
=================================
Using Unreal Build Accelerator local executor to run 11 action(s)
  CPU 6 physical cores, 12 logical cores
  Memory 31.94 GB physical, 41.61 GB/65.19 GB committed
  UBA Storage capacity 40 GB
[1/11] Compile [x64] CombatInputComponent.cpp
F:\GameStudy\JJK_theHiddenOnes\Source\JJK_theHiddenOnes\Training\FighterCharacter.h(281,10): error C2086: “FVector AFighterCharacter::LastMoveInputDirection”: 重定义
	FVector LastMoveInputDirection = FVector::ZeroVector;
	        ^
F:\GameStudy\JJK_theHiddenOnes\Source\JJK_theHiddenOnes\Training\FighterCharacter.h(289,7): error C2535: “bool AFighterCharacter::HasCombatTag(const FGameplayTag &) const”: 已经定义或声明成员函数
	bool HasCombatTag(const FGameplayTag& Tag) const;
	     ^
F:\GameStudy\JJK_theHiddenOnes\Source\JJK_theHiddenOnes\Training\FighterCharacter.h(135,7): note: 参见“AFighterCharacter::HasCombatTag”的声明
	bool HasCombatTag(const FGameplayTag& Tag) const;
	     ^
F:\GameStudy\JJK_theHiddenOnes\Source\JJK_theHiddenOnes\Training\FighterCharacter.h(290,21): error C2535: “UAttackDefinition *AFighterCharacter::ResolveCurrentAttackDefinition(void) const”: 已经定义或声明成员函数
	UAttackDefinition* ResolveCurrentAttackDefinition() const;
	                   ^
F:\GameStudy\JJK_theHiddenOnes\Source\JJK_theHiddenOnes\Training\FighterCharacter.h(143,21): note: 参见“AFighterCharacter::ResolveCurrentAttackDefinition”的声明
	UAttackDefinition* ResolveCurrentAttackDefinition() const;
	                   ^
F:\GameStudy\JJK_theHiddenOnes\Source\JJK_theHiddenOnes\Training\FighterCharacter.h(291,16): error C2535: “UAnimMontage *AFighterCharacter::GetHitReactMontage(void) const”: 已经定义或声明成员函数
	UAnimMontage* GetHitReactMontage() const;
	              ^
F:\GameStudy\JJK_theHiddenOnes\Source\JJK_theHiddenOnes\Training\FighterCharacter.h(144,16): note: 参见“AFighterCharacter::GetHitReactMontage”的声明
	UAnimMontage* GetHitReactMontage() const;
	              ^
F:\GameStudy\JJK_theHiddenOnes\Source\JJK_theHiddenOnes\Training\FighterCharacter.h(292,7): error C2535: “bool AFighterCharacter::ModifyActionResource(float)”: 已经定义或声明成员函数
	bool ModifyActionResource(float SignedAmount);
	     ^
F:\GameStudy\JJK_theHiddenOnes\Source\JJK_theHiddenOnes\Training\FighterCharacter.h(145,7): note: 参见“AFighterCharacter::ModifyActionResource”的声明
	bool ModifyActionResource(float SignedAmount);
	     ^
F:\GameStudy\JJK_theHiddenOnes\Source\JJK_theHiddenOnes\Training\FighterCharacter.h(293,7): error C2535: “void AFighterCharacter::TickResourceRegen(void)”: 已经定义或声明成员函数
	void TickResourceRegen();
	     ^
F:\GameStudy\JJK_theHiddenOnes\Source\JJK_theHiddenOnes\Training\FighterCharacter.h(146,7): note: 参见“AFighterCharacter::TickResourceRegen”的声明
	void TickResourceRegen();
	     ^
F:\GameStudy\JJK_theHiddenOnes\Source\JJK_theHiddenOnes\Training\FighterCharacter.h(156,29): error C2065: “PendingDodge”: 未声明的标识符
	void ClearPendingDodge() { PendingDodge.bPending = false; }
	                           ^
[2/11] Compile [x64] CombatHitComponent.cpp
F:\GameStudy\JJK_theHiddenOnes\Source\JJK_theHiddenOnes\Training\FighterCharacter.h(281,10): error C2086: “FVector AFighterCharacter::LastMoveInputDirection”: 重定义
	FVector LastMoveInputDirection = FVector::ZeroVector;
	        ^
F:\GameStudy\JJK_theHiddenOnes\Source\JJK_theHiddenOnes\Training\FighterCharacter.h(289,7): error C2535: “bool AFighterCharacter::HasCombatTag(const FGameplayTag &) const”: 已经定义或声明成员函数
	bool HasCombatTag(const FGameplayTag& Tag) const;
	     ^
F:\GameStudy\JJK_theHiddenOnes\Source\JJK_theHiddenOnes\Training\FighterCharacter.h(135,7): note: 参见“AFighterCharacter::HasCombatTag”的声明
	bool HasCombatTag(const FGameplayTag& Tag) const;
	     ^
F:\GameStudy\JJK_theHiddenOnes\Source\JJK_theHiddenOnes\Training\FighterCharacter.h(290,21): error C2535: “UAttackDefinition *AFighterCharacter::ResolveCurrentAttackDefinition(void) const”: 已经定义或声明成员函数
	UAttackDefinition* ResolveCurrentAttackDefinition() const;
	                   ^
F:\GameStudy\JJK_theHiddenOnes\Source\JJK_theHiddenOnes\Training\FighterCharacter.h(143,21): note: 参见“AFighterCharacter::ResolveCurrentAttackDefinition”的声明
	UAttackDefinition* ResolveCurrentAttackDefinition() const;
	                   ^
F:\GameStudy\JJK_theHiddenOnes\Source\JJK_theHiddenOnes\Training\FighterCharacter.h(291,16): error C2535: “UAnimMontage *AFighterCharacter::GetHitReactMontage(void) const”: 已经定义或声明成员函数
	UAnimMontage* GetHitReactMontage() const;
	              ^
F:\GameStudy\JJK_theHiddenOnes\Source\JJK_theHiddenOnes\Training\FighterCharacter.h(144,16): note: 参见“AFighterCharacter::GetHitReactMontage”的声明
	UAnimMontage* GetHitReactMontage() const;
	              ^
F:\GameStudy\JJK_theHiddenOnes\Source\JJK_theHiddenOnes\Training\FighterCharacter.h(292,7): error C2535: “bool AFighterCharacter::ModifyActionResource(float)”: 已经定义或声明成员函数
	bool ModifyActionResource(float SignedAmount);
	     ^
F:\GameStudy\JJK_theHiddenOnes\Source\JJK_theHiddenOnes\Training\FighterCharacter.h(145,7): note: 参见“AFighterCharacter::ModifyActionResource”的声明
	bool ModifyActionResource(float SignedAmount);
	     ^
F:\GameStudy\JJK_theHiddenOnes\Source\JJK_theHiddenOnes\Training\FighterCharacter.h(293,7): error C2535: “void AFighterCharacter::TickResourceRegen(void)”: 已经定义或声明成员函数
	void TickResourceRegen();
	     ^
F:\GameStudy\JJK_theHiddenOnes\Source\JJK_theHiddenOnes\Training\FighterCharacter.h(146,7): note: 参见“AFighterCharacter::TickResourceRegen”的声明
	void TickResourceRegen();
	     ^
F:\GameStudy\JJK_theHiddenOnes\Source\JJK_theHiddenOnes\Training\FighterCharacter.h(156,29): error C2065: “PendingDodge”: 未声明的标识符
	void ClearPendingDodge() { PendingDodge.bPending = false; }
	                           ^
[3/11] Compile [x64] DodgeAbility.cpp
F:\GameStudy\JJK_theHiddenOnes\Source\JJK_theHiddenOnes\Training\FighterCharacter.h(281,10): error C2086: “FVector AFighterCharacter::LastMoveInputDirection”: 重定义
	FVector LastMoveInputDirection = FVector::ZeroVector;
	        ^
F:\GameStudy\JJK_theHiddenOnes\Source\JJK_theHiddenOnes\Training\FighterCharacter.h(289,7): error C2535: “bool AFighterCharacter::HasCombatTag(const FGameplayTag &) const”: 已经定义或声明成员函数
	bool HasCombatTag(const FGameplayTag& Tag) const;
	     ^
F:\GameStudy\JJK_theHiddenOnes\Source\JJK_theHiddenOnes\Training\FighterCharacter.h(135,7): note: 参见“AFighterCharacter::HasCombatTag”的声明
	bool HasCombatTag(const FGameplayTag& Tag) const;
	     ^
F:\GameStudy\JJK_theHiddenOnes\Source\JJK_theHiddenOnes\Training\FighterCharacter.h(290,21): error C2535: “UAttackDefinition *AFighterCharacter::ResolveCurrentAttackDefinition(void) const”: 已经定义或声明成员函数
	UAttackDefinition* ResolveCurrentAttackDefinition() const;
	                   ^
F:\GameStudy\JJK_theHiddenOnes\Source\JJK_theHiddenOnes\Training\FighterCharacter.h(143,21): note: 参见“AFighterCharacter::ResolveCurrentAttackDefinition”的声明
	UAttackDefinition* ResolveCurrentAttackDefinition() const;
	                   ^
F:\GameStudy\JJK_theHiddenOnes\Source\JJK_theHiddenOnes\Training\FighterCharacter.h(291,16): error C2535: “UAnimMontage *AFighterCharacter::GetHitReactMontage(void) const”: 已经定义或声明成员函数
	UAnimMontage* GetHitReactMontage() const;
	              ^
F:\GameStudy\JJK_theHiddenOnes\Source\JJK_theHiddenOnes\Training\FighterCharacter.h(144,16): note: 参见“AFighterCharacter::GetHitReactMontage”的声明
	UAnimMontage* GetHitReactMontage() const;
	              ^
F:\GameStudy\JJK_theHiddenOnes\Source\JJK_theHiddenOnes\Training\FighterCharacter.h(292,7): error C2535: “bool AFighterCharacter::ModifyActionResource(float)”: 已经定义或声明成员函数
	bool ModifyActionResource(float SignedAmount);
	     ^
F:\GameStudy\JJK_theHiddenOnes\Source\JJK_theHiddenOnes\Training\FighterCharacter.h(145,7): note: 参见“AFighterCharacter::ModifyActionResource”的声明
	bool ModifyActionResource(float SignedAmount);
	     ^
F:\GameStudy\JJK_theHiddenOnes\Source\JJK_theHiddenOnes\Training\FighterCharacter.h(293,7): error C2535: “void AFighterCharacter::TickResourceRegen(void)”: 已经定义或声明成员函数
	void TickResourceRegen();
	     ^
F:\GameStudy\JJK_theHiddenOnes\Source\JJK_theHiddenOnes\Training\FighterCharacter.h(146,7): note: 参见“AFighterCharacter::TickResourceRegen”的声明
	void TickResourceRegen();
	     ^
F:\GameStudy\JJK_theHiddenOnes\Source\JJK_theHiddenOnes\Training\FighterCharacter.h(156,29): error C2065: “PendingDodge”: 未声明的标识符
	void ClearPendingDodge() { PendingDodge.bPending = false; }
	                           ^
F:\GameStudy\JJK_theHiddenOnes\Source\JJK_theHiddenOnes\Training\DodgeAbility.cpp(43,2): error C4430: 缺少类型说明符 - 假定为 int。注意: C++ 不支持默认 int
	const FDodgeRequest Dodge = Fighter->ConsumePendingDodge();
	^
F:\GameStudy\JJK_theHiddenOnes\Source\JJK_theHiddenOnes\Training\DodgeAbility.cpp(43,22): error C2146: 语法错误: 缺少“;”(在标识符“Dodge”的前面)
	const FDodgeRequest Dodge = Fighter->ConsumePendingDodge();
	                    ^
F:\GameStudy\JJK_theHiddenOnes\Source\JJK_theHiddenOnes\Training\DodgeAbility.cpp(43,22): error C2065: “Dodge”: 未声明的标识符
F:\GameStudy\JJK_theHiddenOnes\Source\JJK_theHiddenOnes\Training\DodgeAbility.cpp(44,16): error C2065: “Dodge”: 未声明的标识符
	FVector Dir = Dodge.Direction;
	              ^
F:\GameStudy\JJK_theHiddenOnes\Source\JJK_theHiddenOnes\Training\DodgeAbility.cpp(63,6): error C2065: “Dodge”: 未声明的标识符
	if (Dodge.bCancel)
	    ^
[4/11] Compile [x64] ArenaPlayerController.cpp
F:\GameStudy\JJK_theHiddenOnes\Source\JJK_theHiddenOnes\Training\FighterCharacter.h(143,19): error C2143: 语法错误: 缺少“;”(在“*”的前面)
	UAttackDefinition* ResolveCurrentAttackDefinition() const;
	                 ^
F:\GameStudy\JJK_theHiddenOnes\Source\JJK_theHiddenOnes\Training\FighterCharacter.h(143,2): error C4430: 缺少类型说明符 - 假定为 int。注意: C++ 不支持默认 int
	UAttackDefinition* ResolveCurrentAttackDefinition() const;
	^
F:\GameStudy\JJK_theHiddenOnes\Source\JJK_theHiddenOnes\Training\FighterCharacter.h(143,59): error C2238: 意外的标记位于“;”之前
	UAttackDefinition* ResolveCurrentAttackDefinition() const;
	                                                         ^
F:\GameStudy\JJK_theHiddenOnes\Source\JJK_theHiddenOnes\Training\FighterCharacter.h(162,37): error C2065: “UAttackDefinition”: 未声明的标识符
	bool ConsumePendingSequence(TArray<UAttackDefinition*>& OutSequence, int32& OutSegmentIndex);
	                                   ^
F:\GameStudy\JJK_theHiddenOnes\Source\JJK_theHiddenOnes\Training\FighterCharacter.h(162,55): error C2059: 语法错误:“>”
	bool ConsumePendingSequence(TArray<UAttackDefinition*>& OutSequence, int32& OutSegmentIndex);
	                                                     ^
F:\GameStudy\JJK_theHiddenOnes\Source\JJK_theHiddenOnes\Training\FighterCharacter.h(278,9): error C2065: “UAttackDefinition”: 未声明的标识符
	TArray<UAttackDefinition*> PendingSequence;
	       ^
F:\GameStudy\JJK_theHiddenOnes\Source\JJK_theHiddenOnes\Training\FighterCharacter.h(278,27): error C2059: 语法错误:“>”
	TArray<UAttackDefinition*> PendingSequence;
	                         ^
F:\GameStudy\JJK_theHiddenOnes\Source\JJK_theHiddenOnes\Training\FighterCharacter.h(281,10): error C2086: “FVector AFighterCharacter::LastMoveInputDirection”: 重定义
	FVector LastMoveInputDirection = FVector::ZeroVector;
	        ^
F:\GameStudy\JJK_theHiddenOnes\Source\JJK_theHiddenOnes\Training\FighterCharacter.h(289,7): error C2535: “bool AFighterCharacter::HasCombatTag(const FGameplayTag &) const”: 已经定义或声明成员函数
	bool HasCombatTag(const FGameplayTag& Tag) const;
	     ^
F:\GameStudy\JJK_theHiddenOnes\Source\JJK_theHiddenOnes\Training\FighterCharacter.h(135,7): note: 参见“AFighterCharacter::HasCombatTag”的声明
	bool HasCombatTag(const FGameplayTag& Tag) const;
	     ^
F:\GameStudy\JJK_theHiddenOnes\Source\JJK_theHiddenOnes\Training\FighterCharacter.h(290,19): error C2143: 语法错误: 缺少“;”(在“*”的前面)
	UAttackDefinition* ResolveCurrentAttackDefinition() const;
	                 ^
F:\GameStudy\JJK_theHiddenOnes\Source\JJK_theHiddenOnes\Training\FighterCharacter.h(290,2): error C4430: 缺少类型说明符 - 假定为 int。注意: C++ 不支持默认 int
	UAttackDefinition* ResolveCurrentAttackDefinition() const;
	^
F:\GameStudy\JJK_theHiddenOnes\Source\JJK_theHiddenOnes\Training\FighterCharacter.h(290,59): error C2238: 意外的标记位于“;”之前
	UAttackDefinition* ResolveCurrentAttackDefinition() const;
	                                                         ^
F:\GameStudy\JJK_theHiddenOnes\Source\JJK_theHiddenOnes\Training\FighterCharacter.h(291,16): error C2535: “UAnimMontage *AFighterCharacter::GetHitReactMontage(void) const”: 已经定义或声明成员函数
	UAnimMontage* GetHitReactMontage() const;
	              ^
F:\GameStudy\JJK_theHiddenOnes\Source\JJK_theHiddenOnes\Training\FighterCharacter.h(144,16): note: 参见“AFighterCharacter::GetHitReactMontage”的声明
	UAnimMontage* GetHitReactMontage() const;
	              ^
F:\GameStudy\JJK_theHiddenOnes\Source\JJK_theHiddenOnes\Training\FighterCharacter.h(292,7): error C2535: “bool AFighterCharacter::ModifyActionResource(float)”: 已经定义或声明成员函数
	bool ModifyActionResource(float SignedAmount);
	     ^
F:\GameStudy\JJK_theHiddenOnes\Source\JJK_theHiddenOnes\Training\FighterCharacter.h(145,7): note: 参见“AFighterCharacter::ModifyActionResource”的声明
	bool ModifyActionResource(float SignedAmount);
	     ^
F:\GameStudy\JJK_theHiddenOnes\Source\JJK_theHiddenOnes\Training\FighterCharacter.h(293,7): error C2535: “void AFighterCharacter::TickResourceRegen(void)”: 已经定义或声明成员函数
	void TickResourceRegen();
	     ^
F:\GameStudy\JJK_theHiddenOnes\Source\JJK_theHiddenOnes\Training\FighterCharacter.h(146,7): note: 参见“AFighterCharacter::TickResourceRegen”的声明
	void TickResourceRegen();
	     ^
F:\GameStudy\JJK_theHiddenOnes\Source\JJK_theHiddenOnes\Training\FighterCharacter.h(156,29): error C2065: “PendingDodge”: 未声明的标识符
	void ClearPendingDodge() { PendingDodge.bPending = false; }
	                           ^
[5/11] Compile [x64] FighterCharacter.cpp
F:\GameStudy\JJK_theHiddenOnes\Source\JJK_theHiddenOnes\Training\FighterCharacter.h(99,23): error C3646: “ValidateAttackRequest”: 未知重写说明符
	EActionRequestResult ValidateAttackRequest() const;
	                     ^
F:\GameStudy\JJK_theHiddenOnes\Source\JJK_theHiddenOnes\Training\FighterCharacter.h(99,44): error C2059: 语法错误:“(”
	EActionRequestResult ValidateAttackRequest() const;
	                                          ^
F:\GameStudy\JJK_theHiddenOnes\Source\JJK_theHiddenOnes\Training\FighterCharacter.h(99,52): error C2238: 意外的标记位于“;”之前
	EActionRequestResult ValidateAttackRequest() const;
	                                                  ^
F:\GameStudy\JJK_theHiddenOnes\Source\JJK_theHiddenOnes\Training\FighterCharacter.h(102,29): error C2061: 语法错误: 标识符“ECachedAction”
	bool RequestAttackSequence(ECachedAction Action);
	                           ^
F:\GameStudy\JJK_theHiddenOnes\Source\JJK_theHiddenOnes\Training\FighterCharacter.h(135,20): error C4430: 缺少类型说明符 - 假定为 int。注意: C++ 不支持默认 int
	bool HasCombatTag(const FGameplayTag& Tag) const;
	                  ^
F:\GameStudy\JJK_theHiddenOnes\Source\JJK_theHiddenOnes\Training\FighterCharacter.h(135,38): error C2143: 语法错误: 缺少“,”(在“&”的前面)
	bool HasCombatTag(const FGameplayTag& Tag) const;
	                                    ^
F:\GameStudy\JJK_theHiddenOnes\Source\JJK_theHiddenOnes\Training\FighterCharacter.h(143,19): error C2143: 语法错误: 缺少“;”(在“*”的前面)
	UAttackDefinition* ResolveCurrentAttackDefinition() const;
	                 ^
F:\GameStudy\JJK_theHiddenOnes\Source\JJK_theHiddenOnes\Training\FighterCharacter.h(143,2): error C4430: 缺少类型说明符 - 假定为 int。注意: C++ 不支持默认 int
	UAttackDefinition* ResolveCurrentAttackDefinition() const;
	^
F:\GameStudy\JJK_theHiddenOnes\Source\JJK_theHiddenOnes\Training\FighterCharacter.h(143,59): error C2238: 意外的标记位于“;”之前
	UAttackDefinition* ResolveCurrentAttackDefinition() const;
	                                                         ^
F:\GameStudy\JJK_theHiddenOnes\Source\JJK_theHiddenOnes\Training\FighterCharacter.h(162,37): error C2065: “UAttackDefinition”: 未声明的标识符
	bool ConsumePendingSequence(TArray<UAttackDefinition*>& OutSequence, int32& OutSegmentIndex);
	                                   ^
F:\GameStudy\JJK_theHiddenOnes\Source\JJK_theHiddenOnes\Training\FighterCharacter.h(162,55): error C2059: 语法错误:“>”
	bool ConsumePendingSequence(TArray<UAttackDefinition*>& OutSequence, int32& OutSegmentIndex);
	                                                     ^
F:\GameStudy\JJK_theHiddenOnes\Source\JJK_theHiddenOnes\Training\FighterCharacter.h(278,9): error C2065: “UAttackDefinition”: 未声明的标识符
	TArray<UAttackDefinition*> PendingSequence;
	       ^
F:\GameStudy\JJK_theHiddenOnes\Source\JJK_theHiddenOnes\Training\FighterCharacter.h(278,27): error C2059: 语法错误:“>”
	TArray<UAttackDefinition*> PendingSequence;
	                         ^
F:\GameStudy\JJK_theHiddenOnes\Source\JJK_theHiddenOnes\Training\FighterCharacter.h(281,10): error C2086: “FVector AFighterCharacter::LastMoveInputDirection”: 重定义
	FVector LastMoveInputDirection = FVector::ZeroVector;
	        ^
F:\GameStudy\JJK_theHiddenOnes\Source\JJK_theHiddenOnes\Training\FighterCharacter.h(289,20): error C4430: 缺少类型说明符 - 假定为 int。注意: C++ 不支持默认 int
	bool HasCombatTag(const FGameplayTag& Tag) const;
	                  ^
F:\GameStudy\JJK_theHiddenOnes\Source\JJK_theHiddenOnes\Training\FighterCharacter.h(289,38): error C2143: 语法错误: 缺少“,”(在“&”的前面)
	bool HasCombatTag(const FGameplayTag& Tag) const;
	                                    ^
F:\GameStudy\JJK_theHiddenOnes\Source\JJK_theHiddenOnes\Training\FighterCharacter.h(289,7): error C2535: “bool AFighterCharacter::HasCombatTag(const int) const”: 已经定义或声明成员函数
	bool HasCombatTag(const FGameplayTag& Tag) const;
	     ^
F:\GameStudy\JJK_theHiddenOnes\Source\JJK_theHiddenOnes\Training\FighterCharacter.h(135,7): note: 参见“AFighterCharacter::HasCombatTag”的声明
	bool HasCombatTag(const FGameplayTag& Tag) const;
	     ^
F:\GameStudy\JJK_theHiddenOnes\Source\JJK_theHiddenOnes\Training\FighterCharacter.h(290,19): error C2143: 语法错误: 缺少“;”(在“*”的前面)
	UAttackDefinition* ResolveCurrentAttackDefinition() const;
	                 ^
F:\GameStudy\JJK_theHiddenOnes\Source\JJK_theHiddenOnes\Training\FighterCharacter.h(290,2): error C4430: 缺少类型说明符 - 假定为 int。注意: C++ 不支持默认 int
	UAttackDefinition* ResolveCurrentAttackDefinition() const;
	^
F:\GameStudy\JJK_theHiddenOnes\Source\JJK_theHiddenOnes\Training\FighterCharacter.h(290,59): error C2238: 意外的标记位于“;”之前
	UAttackDefinition* ResolveCurrentAttackDefinition() const;
	                                                         ^
F:\GameStudy\JJK_theHiddenOnes\Source\JJK_theHiddenOnes\Training\FighterCharacter.h(291,16): error C2535: “UAnimMontage *AFighterCharacter::GetHitReactMontage(void) const”: 已经定义或声明成员函数
	UAnimMontage* GetHitReactMontage() const;
	              ^
F:\GameStudy\JJK_theHiddenOnes\Source\JJK_theHiddenOnes\Training\FighterCharacter.h(144,16): note: 参见“AFighterCharacter::GetHitReactMontage”的声明
	UAnimMontage* GetHitReactMontage() const;
	              ^
F:\GameStudy\JJK_theHiddenOnes\Source\JJK_theHiddenOnes\Training\FighterCharacter.h(292,7): error C2535: “bool AFighterCharacter::ModifyActionResource(float)”: 已经定义或声明成员函数
	bool ModifyActionResource(float SignedAmount);
	     ^
F:\GameStudy\JJK_theHiddenOnes\Source\JJK_theHiddenOnes\Training\FighterCharacter.h(145,7): note: 参见“AFighterCharacter::ModifyActionResource”的声明
	bool ModifyActionResource(float SignedAmount);
	     ^
F:\GameStudy\JJK_theHiddenOnes\Source\JJK_theHiddenOnes\Training\FighterCharacter.h(293,7): error C2535: “void AFighterCharacter::TickResourceRegen(void)”: 已经定义或声明成员函数
	void TickResourceRegen();
	     ^
F:\GameStudy\JJK_theHiddenOnes\Source\JJK_theHiddenOnes\Training\FighterCharacter.h(146,7): note: 参见“AFighterCharacter::TickResourceRegen”的声明
	void TickResourceRegen();
	     ^
F:\GameStudy\JJK_theHiddenOnes\Source\JJK_theHiddenOnes\Training\FighterCharacter.h(156,29): error C2065: “PendingDodge”: 未声明的标识符
	void ClearPendingDodge() { PendingDodge.bPending = false; }
	                           ^
F:\GameStudy\JJK_theHiddenOnes\Source\JJK_theHiddenOnes\Training\FighterCharacter.cpp(105,25): error C2511: “bool AFighterCharacter::HasCombatTag(const FGameplayTag &) const”:“AFighterCharacter”中没有找到重载的成员函数
bool AFighterCharacter::HasCombatTag(const FGameplayTag& Tag) const
                        ^
F:\GameStudy\JJK_theHiddenOnes\Source\JJK_theHiddenOnes\Training\FighterCharacter.h(31,7): note: 参见“AFighterCharacter”的声明
class AFighterCharacter : public AJJK_theHiddenOnesCharacter, public IAbilitySystemInterface
      ^
F:\GameStudy\JJK_theHiddenOnes\Source\JJK_theHiddenOnes\Training\FighterCharacter.cpp(107,9): error C2597: 对非静态成员“AFighterCharacter::AbilitySystem”的非法引用
	return AbilitySystem != nullptr && AbilitySystem->HasMatchingGameplayTag(Tag);
	       ^
F:\GameStudy\JJK_theHiddenOnes\Source\JJK_theHiddenOnes\Training\FighterCharacter.cpp(107,9): note: 参见“AFighterCharacter::AbilitySystem”的声明
F:\GameStudy\JJK_theHiddenOnes\Source\JJK_theHiddenOnes\Training\FighterCharacter.cpp(107,9): error C3867: “AFighterCharacter::AbilitySystem”: 非标准语法；请使用 "&" 来创建指向成员的指针
F:\GameStudy\JJK_theHiddenOnes\Source\JJK_theHiddenOnes\Training\FighterCharacter.cpp(107,9): error C2568: “!=”: 无法解析函数重载
F:\GameStudy\JJK_theHiddenOnes\Source\JJK_theHiddenOnes\Training\FighterCharacter.cpp(112,9): error C2664: “bool AFighterCharacter::HasCombatTag(const int) const”: 无法将参数 1 从“FNativeGameplayTag”转换为“const int”
	return HasCombatTag(TAG_State_Attacking);
	       ^
F:\GameStudy\JJK_theHiddenOnes\Source\JJK_theHiddenOnes\Training\FighterCharacter.cpp(112,22): note: 没有可用于执行该转换的用户定义的转换运算符，或者无法调用该运算符
	return HasCombatTag(TAG_State_Attacking);
	                    ^
F:\GameStudy\JJK_theHiddenOnes\Source\JJK_theHiddenOnes\Training\FighterCharacter.h(135,7): note: 参见“AFighterCharacter::HasCombatTag”的声明
	bool HasCombatTag(const FGameplayTag& Tag) const;
	     ^
F:\GameStudy\JJK_theHiddenOnes\Source\JJK_theHiddenOnes\Training\FighterCharacter.cpp(112,9): note: 尝试匹配参数列表“(FNativeGameplayTag)”时
	return HasCombatTag(TAG_State_Attacking);
	       ^
F:\GameStudy\JJK_theHiddenOnes\Source\JJK_theHiddenOnes\Training\FighterCharacter.cpp(126,6): error C2664: “bool AFighterCharacter::HasCombatTag(const int) const”: 无法将参数 1 从“FNativeGameplayTag”转换为“const int”
	if (HasCombatTag(TAG_State_HitStun) || HasCombatTag(TAG_State_GuardStun)
	    ^
F:\GameStudy\JJK_theHiddenOnes\Source\JJK_theHiddenOnes\Training\FighterCharacter.cpp(126,19): note: 没有可用于执行该转换的用户定义的转换运算符，或者无法调用该运算符
	if (HasCombatTag(TAG_State_HitStun) || HasCombatTag(TAG_State_GuardStun)
	                 ^
F:\GameStudy\JJK_theHiddenOnes\Source\JJK_theHiddenOnes\Training\FighterCharacter.h(135,7): note: 参见“AFighterCharacter::HasCombatTag”的声明
	bool HasCombatTag(const FGameplayTag& Tag) const;
	     ^
F:\GameStudy\JJK_theHiddenOnes\Source\JJK_theHiddenOnes\Training\FighterCharacter.cpp(126,6): note: 尝试匹配参数列表“(FNativeGameplayTag)”时
	if (HasCombatTag(TAG_State_HitStun) || HasCombatTag(TAG_State_GuardStun)
	    ^
F:\GameStudy\JJK_theHiddenOnes\Source\JJK_theHiddenOnes\Training\FighterCharacter.cpp(126,41): error C2664: “bool AFighterCharacter::HasCombatTag(const int) const”: 无法将参数 1 从“FNativeGameplayTag”转换为“const int”
	if (HasCombatTag(TAG_State_HitStun) || HasCombatTag(TAG_State_GuardStun)
	                                       ^
F:\GameStudy\JJK_theHiddenOnes\Source\JJK_theHiddenOnes\Training\FighterCharacter.cpp(126,54): note: 没有可用于执行该转换的用户定义的转换运算符，或者无法调用该运算符
	if (HasCombatTag(TAG_State_HitStun) || HasCombatTag(TAG_State_GuardStun)
	                                                    ^
F:\GameStudy\JJK_theHiddenOnes\Source\JJK_theHiddenOnes\Training\FighterCharacter.h(135,7): note: 参见“AFighterCharacter::HasCombatTag”的声明
	bool HasCombatTag(const FGameplayTag& Tag) const;
	     ^
F:\GameStudy\JJK_theHiddenOnes\Source\JJK_theHiddenOnes\Training\FighterCharacter.cpp(126,41): note: 尝试匹配参数列表“(FNativeGameplayTag)”时
	if (HasCombatTag(TAG_State_HitStun) || HasCombatTag(TAG_State_GuardStun)
	                                       ^
F:\GameStudy\JJK_theHiddenOnes\Source\JJK_theHiddenOnes\Training\FighterCharacter.cpp(127,6): error C2664: “bool AFighterCharacter::HasCombatTag(const int) const”: 无法将参数 1 从“FNativeGameplayTag”转换为“const int”
		|| HasCombatTag(TAG_State_KnockedDown) || HasCombatTag(TAG_State_DodgeInvulnerable)
		   ^
F:\GameStudy\JJK_theHiddenOnes\Source\JJK_theHiddenOnes\Training\FighterCharacter.cpp(127,19): note: 没有可用于执行该转换的用户定义的转换运算符，或者无法调用该运算符
		|| HasCombatTag(TAG_State_KnockedDown) || HasCombatTag(TAG_State_DodgeInvulnerable)
		                ^
F:\GameStudy\JJK_theHiddenOnes\Source\JJK_theHiddenOnes\Training\FighterCharacter.h(135,7): note: 参见“AFighterCharacter::HasCombatTag”的声明
	bool HasCombatTag(const FGameplayTag& Tag) const;
	     ^
F:\GameStudy\JJK_theHiddenOnes\Source\JJK_theHiddenOnes\Training\FighterCharacter.cpp(127,6): note: 尝试匹配参数列表“(FNativeGameplayTag)”时
		|| HasCombatTag(TAG_State_KnockedDown) || HasCombatTag(TAG_State_DodgeInvulnerable)
		   ^
F:\GameStudy\JJK_theHiddenOnes\Source\JJK_theHiddenOnes\Training\FighterCharacter.cpp(127,45): error C2664: “bool AFighterCharacter::HasCombatTag(const int) const”: 无法将参数 1 从“FNativeGameplayTag”转换为“const int”
		|| HasCombatTag(TAG_State_KnockedDown) || HasCombatTag(TAG_State_DodgeInvulnerable)
		                                          ^
F:\GameStudy\JJK_theHiddenOnes\Source\JJK_theHiddenOnes\Training\FighterCharacter.cpp(127,58): note: 没有可用于执行该转换的用户定义的转换运算符，或者无法调用该运算符
		|| HasCombatTag(TAG_State_KnockedDown) || HasCombatTag(TAG_State_DodgeInvulnerable)
		                                                       ^
F:\GameStudy\JJK_theHiddenOnes\Source\JJK_theHiddenOnes\Training\FighterCharacter.h(135,7): note: 参见“AFighterCharacter::HasCombatTag”的声明
	bool HasCombatTag(const FGameplayTag& Tag) const;
	     ^
F:\GameStudy\JJK_theHiddenOnes\Source\JJK_theHiddenOnes\Training\FighterCharacter.cpp(127,45): note: 尝试匹配参数列表“(FNativeGameplayTag)”时
		|| HasCombatTag(TAG_State_KnockedDown) || HasCombatTag(TAG_State_DodgeInvulnerable)
		                                          ^
F:\GameStudy\JJK_theHiddenOnes\Source\JJK_theHiddenOnes\Training\FighterCharacter.cpp(128,6): error C2664: “bool AFighterCharacter::HasCombatTag(const int) const”: 无法将参数 1 从“FNativeGameplayTag”转换为“const int”
		|| HasCombatTag(TAG_State_DodgeRecovery) || HasCombatTag(TAG_State_StanceSwitching))
		   ^
F:\GameStudy\JJK_theHiddenOnes\Source\JJK_theHiddenOnes\Training\FighterCharacter.cpp(128,19): note: 没有可用于执行该转换的用户定义的转换运算符，或者无法调用该运算符
		|| HasCombatTag(TAG_State_DodgeRecovery) || HasCombatTag(TAG_State_StanceSwitching))
		                ^
F:\GameStudy\JJK_theHiddenOnes\Source\JJK_theHiddenOnes\Training\FighterCharacter.h(135,7): note: 参见“AFighterCharacter::HasCombatTag”的声明
	bool HasCombatTag(const FGameplayTag& Tag) const;
	     ^
F:\GameStudy\JJK_theHiddenOnes\Source\JJK_theHiddenOnes\Training\FighterCharacter.cpp(128,6): note: 尝试匹配参数列表“(FNativeGameplayTag)”时
		|| HasCombatTag(TAG_State_DodgeRecovery) || HasCombatTag(TAG_State_StanceSwitching))
		   ^
F:\GameStudy\JJK_theHiddenOnes\Source\JJK_theHiddenOnes\Training\FighterCharacter.cpp(128,47): error C2664: “bool AFighterCharacter::HasCombatTag(const int) const”: 无法将参数 1 从“FNativeGameplayTag”转换为“const int”
		|| HasCombatTag(TAG_State_DodgeRecovery) || HasCombatTag(TAG_State_StanceSwitching))
		                                            ^
F:\GameStudy\JJK_theHiddenOnes\Source\JJK_theHiddenOnes\Training\FighterCharacter.cpp(128,60): note: 没有可用于执行该转换的用户定义的转换运算符，或者无法调用该运算符
		|| HasCombatTag(TAG_State_DodgeRecovery) || HasCombatTag(TAG_State_StanceSwitching))
		                                                         ^
F:\GameStudy\JJK_theHiddenOnes\Source\JJK_theHiddenOnes\Training\FighterCharacter.h(135,7): note: 参见“AFighterCharacter::HasCombatTag”的声明
	bool HasCombatTag(const FGameplayTag& Tag) const;
	     ^
F:\GameStudy\JJK_theHiddenOnes\Source\JJK_theHiddenOnes\Training\FighterCharacter.cpp(128,47): note: 尝试匹配参数列表“(FNativeGameplayTag)”时
		|| HasCombatTag(TAG_State_DodgeRecovery) || HasCombatTag(TAG_State_StanceSwitching))
		                                            ^
F:\GameStudy\JJK_theHiddenOnes\Source\JJK_theHiddenOnes\Training\FighterCharacter.cpp(137,9): error C2664: “bool AFighterCharacter::HasCombatTag(const int) const”: 无法将参数 1 从“FNativeGameplayTag”转换为“const int”
	return HasCombatTag(TAG_State_SuperArmor);
	       ^
F:\GameStudy\JJK_theHiddenOnes\Source\JJK_theHiddenOnes\Training\FighterCharacter.cpp(137,22): note: 没有可用于执行该转换的用户定义的转换运算符，或者无法调用该运算符
	return HasCombatTag(TAG_State_SuperArmor);
	                    ^
F:\GameStudy\JJK_theHiddenOnes\Source\JJK_theHiddenOnes\Training\FighterCharacter.h(135,7): note: 参见“AFighterCharacter::HasCombatTag”的声明
	bool HasCombatTag(const FGameplayTag& Tag) const;
	     ^
F:\GameStudy\JJK_theHiddenOnes\Source\JJK_theHiddenOnes\Training\FighterCharacter.cpp(137,9): note: 尝试匹配参数列表“(FNativeGameplayTag)”时
	return HasCombatTag(TAG_State_SuperArmor);
	       ^
F:\GameStudy\JJK_theHiddenOnes\Source\JJK_theHiddenOnes\Training\FighterCharacter.cpp(145,41): error C2039: "ValidateAttackRequest": 不是 "AFighterCharacter" 的成员
EActionRequestResult AFighterCharacter::ValidateAttackRequest() const
                                        ^
F:\GameStudy\JJK_theHiddenOnes\Source\JJK_theHiddenOnes\Training\FighterCharacter.h(31,7): note: 参见“AFighterCharacter”的声明
class AFighterCharacter : public AJJK_theHiddenOnesCharacter, public IAbilitySystemInterface
      ^
F:\GameStudy\JJK_theHiddenOnes\Source\JJK_theHiddenOnes\Training\FighterCharacter.cpp(145,41): error C2270: “ValidateAttackRequest”: 非成员函数上不允许修饰符
EActionRequestResult AFighterCharacter::ValidateAttackRequest() const
                                        ^
F:\GameStudy\JJK_theHiddenOnes\Source\JJK_theHiddenOnes\Training\FighterCharacter.cpp(147,6): error C3861: “IsDead”: 找不到标识符
	if (IsDead())
	    ^
F:\GameStudy\JJK_theHiddenOnes\Source\JJK_theHiddenOnes\Training\FighterCharacter.cpp(151,7): error C3861: “IsStatsInitialized”: 找不到标识符
	if (!IsStatsInitialized() || AbilitySystem == nullptr)
	     ^
F:\GameStudy\JJK_theHiddenOnes\Source\JJK_theHiddenOnes\Training\FighterCharacter.cpp(151,31): error C2065: “AbilitySystem”: 未声明的标识符
	if (!IsStatsInitialized() || AbilitySystem == nullptr)
	                             ^
F:\GameStudy\JJK_theHiddenOnes\Source\JJK_theHiddenOnes\Training\FighterCharacter.cpp(155,6): error C3861: “GetStance”: 找不到标识符
	if (GetStance() == EFighterStance::Ranged)
	    ^
F:\GameStudy\JJK_theHiddenOnes\Source\JJK_theHiddenOnes\Training\FighterCharacter.cpp(155,18): error C2677: 二进制“==”: 没有找到接受“EFighterStance”类型的全局运算符(或没有可接受的转换)
	if (GetStance() == EFighterStance::Ranged)
	                ^
F:\GameStudy\UE_5.8\Engine\Source\Runtime\CoreUObject\Public\UObject\WeakFieldPtr.h(386,26): note: 可能是“bool operator ==(TYPE_OF_NULLPTR,const TWeakFieldPtr<T> &)”
UE_FORCEINLINE_HINT bool operator==(TYPE_OF_NULLPTR, const TWeakFieldPtr<RhsType>& Rhs)
                         ^
F:\GameStudy\JJK_theHiddenOnes\Source\JJK_theHiddenOnes\Training\FighterCharacter.cpp(155,15): note: “bool operator ==(TYPE_OF_NULLPTR,const TWeakFieldPtr<T> &)”: 无法从“EFighterStance”推导出“const TWeakFieldPtr<T> &”的 模板 参数
	if (GetStance() == EFighterStance::Ranged)
	             ^
F:\GameStudy\UE_5.8\Engine\Source\Runtime\CoreUObject\Public\UObject\WeakFieldPtr.h(376,26): note: 或    “bool operator ==(const TWeakFieldPtr<T> &,TYPE_OF_NULLPTR)”
UE_FORCEINLINE_HINT bool operator==(const TWeakFieldPtr<LhsType>& Lhs, TYPE_OF_NULLPTR)
                         ^
F:\GameStudy\JJK_theHiddenOnes\Source\JJK_theHiddenOnes\Training\FighterCharacter.cpp(155,15): note: “bool operator ==(const TWeakFieldPtr<T> &,TYPE_OF_NULLPTR)”: 无法从“<error type>”推导出“const TWeakFieldPtr<T> &”的 模板 参数
	if (GetStance() == EFighterStance::Ranged)
	             ^
F:\GameStudy\UE_5.8\Engine\Source\Runtime\CoreUObject\Public\UObject\WeakFieldPtr.h(38,6): note: 或    “bool operator ==(const LhsType *,const TWeakFieldPtr<RhsType> &)”
bool operator==(const LhsType* Lhs, const TWeakFieldPtr<RhsType>& Rhs);
     ^
F:\GameStudy\JJK_theHiddenOnes\Source\JJK_theHiddenOnes\Training\FighterCharacter.cpp(155,15): note: “bool operator ==(const LhsType *,const TWeakFieldPtr<RhsType> &)”: 无法从“<error type>”推导出“const LhsType *”的 模板 参数
	if (GetStance() == EFighterStance::Ranged)
	             ^
F:\GameStudy\UE_5.8\Engine\Source\Runtime\CoreUObject\Public\UObject\WeakFieldPtr.h(31,6): note: 或    “bool operator ==(const TWeakFieldPtr<T> &,const RhsType *)”
bool operator==(const TWeakFieldPtr<LhsType>& Lhs, const RhsType* Rhs);
     ^
F:\GameStudy\JJK_theHiddenOnes\Source\JJK_theHiddenOnes\Training\FighterCharacter.cpp(155,15): note: “bool operator ==(const TWeakFieldPtr<T> &,const RhsType *)”: 无法从“<error type>”推导出“const TWeakFieldPtr<T> &”的 模板 参数
	if (GetStance() == EFighterStance::Ranged)
	             ^
F:\GameStudy\UE_5.8\Engine\Source\Runtime\CoreUObject\Public\UObject\WeakFieldPtr.h(24,6): note: 或    “bool operator ==(const TWeakFieldPtr<T> &,const TWeakFieldPtr<RhsType> &)”
bool operator==(const TWeakFieldPtr<LhsType>& Lhs, const TWeakFieldPtr<RhsType>& Rhs);
     ^
F:\GameStudy\JJK_theHiddenOnes\Source\JJK_theHiddenOnes\Training\FighterCharacter.cpp(155,15): note: “bool operator ==(const TWeakFieldPtr<T> &,const TWeakFieldPtr<RhsType> &)”: 无法从“<error type>”推导出“const TWeakFieldPtr<T> &”的 模板 参数
	if (GetStance() == EFighterStance::Ranged)
	             ^
F:\GameStudy\UE_5.8\Engine\Source\Runtime\Core\Public\Misc\UEOps.h(209,41): note: 或    “bool operator ==(const LhsType &,int UE::Core::Private::FIncomplete::* )”
[[nodiscard]] UE_REWRITE constexpr bool operator==(const LhsType& Lhs, int UE::Core::Private::FIncomplete::* Rhs)
                                        ^
F:\GameStudy\JJK_theHiddenOnes\Source\JJK_theHiddenOnes\Training\FighterCharacter.cpp(155,37): note: “初始化”: 无法从“EFighterStance”转换为“int UE::Core::Private::FIncomplete::* ”
	if (GetStance() == EFighterStance::Ranged)
	                                   ^
F:\GameStudy\JJK_theHiddenOnes\Source\JJK_theHiddenOnes\Training\FighterCharacter.cpp(155,37): note: 没有使该转换得以执行的上下文
F:\GameStudy\UE_5.8\Engine\Source\Runtime\Core\Public\Misc\UEOps.h(190,41): note: 或    “bool operator ==(const LhsType &,const RhsType &)”
[[nodiscard]] UE_REWRITE constexpr bool operator==(const LhsType& Lhs, const RhsType& Rhs)
                                        ^
F:\GameStudy\JJK_theHiddenOnes\Source\JJK_theHiddenOnes\Training\FighterCharacter.cpp(155,15): note: 未满足关联约束
	if (GetStance() == EFighterStance::Ranged)
	             ^
F:\GameStudy\UE_5.8\Engine\Source\Runtime\Core\Public\Misc\UEOps.h(189,11): note: 未满足约束
	requires UE::Core::Private::CWithUEOpEquals<LhsType, RhsType> || UE::Core::Private::CWithUEOpEquals<RhsType, LhsType>
	         ^
F:\GameStudy\UE_5.8\Engine\Source\Runtime\Core\Public\Misc\UEOps.h(189,67): note: 未满足约束
	requires UE::Core::Private::CWithUEOpEquals<LhsType, RhsType> || UE::Core::Private::CWithUEOpEquals<RhsType, LhsType>
	                                                                 ^
F:\GameStudy\UE_5.8\Engine\Source\Runtime\Core\Public\Misc\UEOps.h(190,41): note: 或 "bool operator ==(const LhsType &,const RhsType &)" [综合表达式 "y == x"]
[[nodiscard]] UE_REWRITE constexpr bool operator==(const LhsType& Lhs, const RhsType& Rhs)
                                        ^
F:\GameStudy\JJK_theHiddenOnes\Source\JJK_theHiddenOnes\Training\FighterCharacter.cpp(155,15): note: 未满足关联约束
	if (GetStance() == EFighterStance::Ranged)
	             ^
F:\GameStudy\UE_5.8\Engine\Source\Runtime\Core\Public\Misc\UEOps.h(189,11): note: 未满足约束
	requires UE::Core::Private::CWithUEOpEquals<LhsType, RhsType> || UE::Core::Private::CWithUEOpEquals<RhsType, LhsType>
	         ^
F:\GameStudy\UE_5.8\Engine\Source\Runtime\Core\Public\Misc\UEOps.h(189,67): note: 未满足约束
	requires UE::Core::Private::CWithUEOpEquals<LhsType, RhsType> || UE::Core::Private::CWithUEOpEquals<RhsType, LhsType>
	                                                                 ^
F:\GameStudy\UE_5.8\Engine\Source\Runtime\Core\Public\Misc\UEOps.h(209,41): note: 或 "bool operator ==(const LhsType &,int UE::Core::Private::FIncomplete::* )" [综合表达式 "y == x"]
[[nodiscard]] UE_REWRITE constexpr bool operator==(const LhsType& Lhs, int UE::Core::Private::FIncomplete::* Rhs)
                                        ^
F:\GameStudy\JJK_theHiddenOnes\Source\JJK_theHiddenOnes\Training\FighterCharacter.cpp(155,15): note: 未满足关联约束
	if (GetStance() == EFighterStance::Ranged)
	             ^
F:\GameStudy\UE_5.8\Engine\Source\Runtime\Core\Public\Misc\UEOps.h(208,11): note: 计算结果为 false 的概念“UE::Core::Private::CWithUEOpEquals<EFighterStance,nullptr>”
	requires UE::Core::Private::CWithUEOpEquals<LhsType, decltype(nullptr)>
	         ^
F:\GameStudy\UE_5.8\Engine\Source\Runtime\Core\Public\Misc\UEOps.h(96,9): note: “.UEOpEquals”的左边必须有类/结构/联合
		{ Lhs.UEOpEquals(Rhs) } -> UE::CSameAs<bool>;
		      ^
F:\GameStudy\UE_5.8\Engine\Source\Runtime\Core\Public\Misc\UEOps.h(96,9): note: 类型为“EFighterStance”
F:\GameStudy\UE_5.8\Engine\Source\Runtime\CoreUObject\Public\UObject\WeakFieldPtr.h(24,6): note: 或 "bool operator ==(const TWeakFieldPtr<T> &,const TWeakFieldPtr<RhsType> &)" [综合表达式 "y == x"]
bool operator==(const TWeakFieldPtr<LhsType>& Lhs, const TWeakFieldPtr<RhsType>& Rhs);
     ^
F:\GameStudy\JJK_theHiddenOnes\Source\JJK_theHiddenOnes\Training\FighterCharacter.cpp(155,15): note: “bool operator ==(const TWeakFieldPtr<T> &,const TWeakFieldPtr<RhsType> &)”: 无法从“EFighterStance”推导出“const TWeakFieldPtr<T> &”的 模板 参数
	if (GetStance() == EFighterStance::Ranged)
	             ^
F:\GameStudy\UE_5.8\Engine\Source\Runtime\CoreUObject\Public\UObject\WeakFieldPtr.h(31,6): note: 或 "bool operator ==(const TWeakFieldPtr<T> &,const RhsType *)" [综合表达式 "y == x"]
bool operator==(const TWeakFieldPtr<LhsType>& Lhs, const RhsType* Rhs);
     ^
F:\GameStudy\JJK_theHiddenOnes\Source\JJK_theHiddenOnes\Training\FighterCharacter.cpp(155,15): note: “bool operator ==(const TWeakFieldPtr<T> &,const RhsType *)”: 无法从“EFighterStance”推导出“const TWeakFieldPtr<T> &”的 模板 参数
	if (GetStance() == EFighterStance::Ranged)
	             ^
F:\GameStudy\UE_5.8\Engine\Source\Runtime\CoreUObject\Public\UObject\WeakFieldPtr.h(38,6): note: 或 "bool operator ==(const LhsType *,const TWeakFieldPtr<RhsType> &)" [综合表达式 "y == x"]
bool operator==(const LhsType* Lhs, const TWeakFieldPtr<RhsType>& Rhs);
     ^
F:\GameStudy\JJK_theHiddenOnes\Source\JJK_theHiddenOnes\Training\FighterCharacter.cpp(155,15): note: “bool operator ==(const LhsType *,const TWeakFieldPtr<RhsType> &)”: 无法从“EFighterStance”推导出“const LhsType *”的 模板 参数
	if (GetStance() == EFighterStance::Ranged)
	             ^
F:\GameStudy\UE_5.8\Engine\Source\Runtime\CoreUObject\Public\UObject\WeakFieldPtr.h(376,26): note: 或 "bool operator ==(const TWeakFieldPtr<T> &,TYPE_OF_NULLPTR)" [综合表达式 "y == x"]
UE_FORCEINLINE_HINT bool operator==(const TWeakFieldPtr<LhsType>& Lhs, TYPE_OF_NULLPTR)
                         ^
F:\GameStudy\JJK_theHiddenOnes\Source\JJK_theHiddenOnes\Training\FighterCharacter.cpp(155,15): note: “bool operator ==(const TWeakFieldPtr<T> &,TYPE_OF_NULLPTR)”: 无法从“EFighterStance”推导出“const TWeakFieldPtr<T> &”的 模板 参数
	if (GetStance() == EFighterStance::Ranged)
	             ^
F:\GameStudy\UE_5.8\Engine\Source\Runtime\CoreUObject\Public\UObject\WeakFieldPtr.h(386,26): note: 或 "bool operator ==(TYPE_OF_NULLPTR,const TWeakFieldPtr<T> &)" [综合表达式 "y == x"]
UE_FORCEINLINE_HINT bool operator==(TYPE_OF_NULLPTR, const TWeakFieldPtr<RhsType>& Rhs)
                         ^
F:\GameStudy\JJK_theHiddenOnes\Source\JJK_theHiddenOnes\Training\FighterCharacter.cpp(155,15): note: “bool operator ==(TYPE_OF_NULLPTR,const TWeakFieldPtr<T> &)”: 无法从“<error type>”推导出“const TWeakFieldPtr<T> &”的 模板 参数
	if (GetStance() == EFighterStance::Ranged)
	             ^
F:\GameStudy\JJK_theHiddenOnes\Source\JJK_theHiddenOnes\Training\FighterCharacter.cpp(159,6): error C3861: “HasCombatTag”: 找不到标识符
	if (HasCombatTag(TAG_State_HitStun) || HasCombatTag(TAG_State_KnockedDown)
	    ^
F:\GameStudy\JJK_theHiddenOnes\Source\JJK_theHiddenOnes\Training\FighterCharacter.cpp(159,41): error C3861: “HasCombatTag”: 找不到标识符
	if (HasCombatTag(TAG_State_HitStun) || HasCombatTag(TAG_State_KnockedDown)
	                                       ^
F:\GameStudy\JJK_theHiddenOnes\Source\JJK_theHiddenOnes\Training\FighterCharacter.cpp(160,6): error C3861: “HasCombatTag”: 找不到标识符
		|| HasCombatTag(TAG_State_StanceSwitching) || HasCombatTag(TAG_State_GuardStun))
		   ^
F:\GameStudy\JJK_theHiddenOnes\Source\JJK_theHiddenOnes\Training\FighterCharacter.cpp(160,49): error C3861: “HasCombatTag”: 找不到标识符
		|| HasCombatTag(TAG_State_StanceSwitching) || HasCombatTag(TAG_State_GuardStun))
		                                              ^
F:\GameStudy\JJK_theHiddenOnes\Source\JJK_theHiddenOnes\Training\FighterCharacter.cpp(167,39): error C2039: "ResolveAttackDefinition": 不是 "AFighterCharacter" 的成员
UAttackDefinition* AFighterCharacter::ResolveAttackDefinition(ECachedAction Action) const
                                      ^
F:\GameStudy\JJK_theHiddenOnes\Source\JJK_theHiddenOnes\Training\FighterCharacter.h(31,7): note: 参见“AFighterCharacter”的声明
class AFighterCharacter : public AJJK_theHiddenOnesCharacter, public IAbilitySystemInterface
      ^
F:\GameStudy\JJK_theHiddenOnes\Source\JJK_theHiddenOnes\Training\FighterCharacter.cpp(167,39): error C2270: “ResolveAttackDefinition”: 非成员函数上不允许修饰符
UAttackDefinition* AFighterCharacter::ResolveAttackDefinition(ECachedAction Action) const
                                      ^
F:\GameStudy\JJK_theHiddenOnes\Source\JJK_theHiddenOnes\Training\FighterCharacter.cpp(169,34): error C3861: “GetDefinition”: 找不到标识符
	const UFighterDefinition* Def = GetDefinition();
	                                ^
F:\GameStudy\JJK_theHiddenOnes\Source\JJK_theHiddenOnes\Training\FighterCharacter.cpp(189,25): error C2511: “bool AFighterCharacter::RequestAttackSequence(ECachedAction)”:“AFighterCharacter”中没有找到重载的成员函数
bool AFighterCharacter::RequestAttackSequence(ECachedAction Action)
                        ^
F:\GameStudy\JJK_theHiddenOnes\Source\JJK_theHiddenOnes\Training\FighterCharacter.h(31,7): note: 参见“AFighterCharacter”的声明
class AFighterCharacter : public AJJK_theHiddenOnesCharacter, public IAbilitySystemInterface
      ^
F:\GameStudy\JJK_theHiddenOnes\Source\JJK_theHiddenOnes\Training\FighterCharacter.cpp(194,3): error C2352: “UObjectBaseUtility::GetName”: 调用非静态成员函数需要一个对象
		UE_LOG(LogTemp, Log, TEXT("[Combat] %s 攻击序列缺少定义（%d）"), *GetName(), static_cast<int32>(Action));
		^
F:\GameStudy\UE_5.8\Engine\Source\Runtime\CoreUObject\Public\UObject\UObjectBaseUtility.h(453,30): note: 参见“UObjectBaseUtility::GetName”的声明
	UE_FORCEINLINE_HINT FString GetName() const
	                            ^
F:\GameStudy\JJK_theHiddenOnes\Source\JJK_theHiddenOnes\Training\FighterCharacter.cpp(202,46): error C2352: “AFighterCharacter::GetDefinition”: 调用非静态成员函数需要一个对象
	if (Action == ECachedAction::NextSegment && GetDefinition() != nullptr)
	                                            ^
F:\GameStudy\JJK_theHiddenOnes\Source\JJK_theHiddenOnes\Training\FighterCharacter.h(51,22): note: 参见“AFighterCharacter::GetDefinition”的声明
	UFighterDefinition* GetDefinition() const { return Definition; }
	                    ^
F:\GameStudy\JJK_theHiddenOnes\Source\JJK_theHiddenOnes\Training\FighterCharacter.cpp(204,33): error C2352: “AFighterCharacter::GetDefinition”: 调用非静态成员函数需要一个对象
		for (UAttackDefinition* Seg : GetDefinition()->ComboSegments)
		                              ^
F:\GameStudy\JJK_theHiddenOnes\Source\JJK_theHiddenOnes\Training\FighterCharacter.h(51,22): note: 参见“AFighterCharacter::GetDefinition”的声明
	UFighterDefinition* GetDefinition() const { return Definition; }
	                    ^
F:\GameStudy\JJK_theHiddenOnes\Source\JJK_theHiddenOnes\Training\FighterCharacter.cpp(204,31): error C2143: 语法错误: 缺少“;”(在“:”的前面)
		for (UAttackDefinition* Seg : GetDefinition()->ComboSegments)
		                            ^
F:\GameStudy\JJK_theHiddenOnes\Source\JJK_theHiddenOnes\Training\FighterCharacter.cpp(204,63): error C2143: 语法错误: 缺少“;”(在“)”的前面)
		for (UAttackDefinition* Seg : GetDefinition()->ComboSegments)
		                                                            ^
F:\GameStudy\JJK_theHiddenOnes\Source\JJK_theHiddenOnes\Training\FighterCharacter.cpp(213,2): error C2597: 对非静态成员“AFighterCharacter::PendingSegmentIndex”的非法引用
	PendingSegmentIndex = 0;
	^
F:\GameStudy\JJK_theHiddenOnes\Source\JJK_theHiddenOnes\Training\FighterCharacter.h(279,8): note: 参见“AFighterCharacter::PendingSegmentIndex”的声明
	int32 PendingSegmentIndex = 0;
	      ^
F:\GameStudy\JJK_theHiddenOnes\Source\JJK_theHiddenOnes\Training\FighterCharacter.cpp(214,9): error C2597: 对非静态成员“AFighterCharacter::AbilitySystem”的非法引用
	return AbilitySystem != nullptr && AbilitySystem->TryActivateAbilityByClass(GetMeleeAttackAbilityClass());
	       ^
F:\GameStudy\JJK_theHiddenOnes\Source\JJK_theHiddenOnes\Training\FighterCharacter.cpp(214,9): note: 参见“AFighterCharacter::AbilitySystem”的声明
F:\GameStudy\JJK_theHiddenOnes\Source\JJK_theHiddenOnes\Training\FighterCharacter.cpp(214,9): error C3867: “AFighterCharacter::AbilitySystem”: 非标准语法；请使用 "&" 来创建指向成员的指针
F:\GameStudy\JJK_theHiddenOnes\Source\JJK_theHiddenOnes\Training\FighterCharacter.cpp(214,9): error C2568: “!=”: 无法解析函数重载
F:\GameStudy\JJK_theHiddenOnes\Source\JJK_theHiddenOnes\Training\FighterCharacter.cpp(214,78): error C2352: “AFighterCharacter::GetMeleeAttackAbilityClass”: 调用非静态成员函数需要一个对象
	return AbilitySystem != nullptr && AbilitySystem->TryActivateAbilityByClass(GetMeleeAttackAbilityClass());
	                                                                            ^
F:\GameStudy\JJK_theHiddenOnes\Source\JJK_theHiddenOnes\Training\FighterCharacter.cpp(140,50): note: 参见“AFighterCharacter::GetMeleeAttackAbilityClass”的声明
TSubclassOf<UGameplayAbility> AFighterCharacter::GetMeleeAttackAbilityClass() const
                                                 ^
F:\GameStudy\JJK_theHiddenOnes\Source\JJK_theHiddenOnes\Training\FighterCharacter.cpp(217,25): error C2511: “bool AFighterCharacter::ConsumePendingSequence(TArray<UAttackDefinition *,TSizedDefaultAllocator<32>> &,int32 &)”:“AFighterCharacter”中没有找到重载的成员函数
bool AFighterCharacter::ConsumePendingSequence(TArray<UAttackDefinition*>& OutSequence, int32& OutSegmentIndex)
                        ^
F:\GameStudy\JJK_theHiddenOnes\Source\JJK_theHiddenOnes\Training\FighterCharacter.h(31,7): note: 参见“AFighterCharacter”的声明
class AFighterCharacter : public AJJK_theHiddenOnesCharacter, public IAbilitySystemInterface
      ^
F:\GameStudy\JJK_theHiddenOnes\Source\JJK_theHiddenOnes\Training\FighterCharacter.cpp(223,16): error C2597: 对非静态成员“AFighterCharacter::PendingSequence”的非法引用
	OutSequence = PendingSequence;
	              ^
F:\GameStudy\JJK_theHiddenOnes\Source\JJK_theHiddenOnes\Training\FighterCharacter.h(278,29): note: 参见“AFighterCharacter::PendingSequence”的声明
	TArray<UAttackDefinition*> PendingSequence;
	                           ^
F:\GameStudy\JJK_theHiddenOnes\Source\JJK_theHiddenOnes\Training\FighterCharacter.cpp(223,16): note: 模板实例化上下文(最早的实例化上下文)为
	OutSequence = PendingSequence;
	              ^
F:\GameStudy\JJK_theHiddenOnes\Source\JJK_theHiddenOnes\Training\FighterCharacter.cpp(223,2): note: 在编译 类 模板 成员函数“TArray<UAttackDefinition *,TSizedDefaultAllocator<32>> &TArray<UAttackDefinition *,TSizedDefaultAllocator<32>>::operator =(TArray<UAttackDefinition *,TSizedDefaultAllocator<32>> &&)”时
	OutSequence = PendingSequence;
	^
F:\GameStudy\JJK_theHiddenOnes\Source\JJK_theHiddenOnes\Training\FighterCharacter.cpp(224,20): error C2597: 对非静态成员“AFighterCharacter::PendingSegmentIndex”的非法引用
	OutSegmentIndex = PendingSegmentIndex;
	                  ^
F:\GameStudy\JJK_theHiddenOnes\Source\JJK_theHiddenOnes\Training\FighterCharacter.cpp(224,20): note: 参见“AFighterCharacter::PendingSegmentIndex”的声明
F:\GameStudy\JJK_theHiddenOnes\Source\JJK_theHiddenOnes\Training\FighterCharacter.cpp(224,20): error C3867: “AFighterCharacter::PendingSegmentIndex”: 非标准语法；请使用 "&" 来创建指向成员的指针
F:\GameStudy\JJK_theHiddenOnes\Source\JJK_theHiddenOnes\Training\FighterCharacter.cpp(224,20): error C2568: “=”: 无法解析函数重载
F:\GameStudy\JJK_theHiddenOnes\Source\JJK_theHiddenOnes\Training\FighterCharacter.cpp(226,2): error C2597: 对非静态成员“AFighterCharacter::PendingSegmentIndex”的非法引用
	PendingSegmentIndex = 0;
	^
F:\GameStudy\JJK_theHiddenOnes\Source\JJK_theHiddenOnes\Training\FighterCharacter.h(279,8): note: 参见“AFighterCharacter::PendingSegmentIndex”的声明
	int32 PendingSegmentIndex = 0;
	      ^
F:\GameStudy\JJK_theHiddenOnes\Source\JJK_theHiddenOnes\Training\FighterCharacter.cpp(230,25): error C2084: 函数“void AFighterCharacter::SetPendingSequenceSegment(int32)”已有主体
void AFighterCharacter::SetPendingSequenceSegment(int32 Index)
                        ^
F:\GameStudy\JJK_theHiddenOnes\Source\JJK_theHiddenOnes\Training\FighterCharacter.h(163,7): note: 参见“AFighterCharacter::SetPendingSequenceSegment”的前一个定义
	void SetPendingSequenceSegment(int32 Index) { PendingSegmentIndex = Index; }
	     ^
F:\GameStudy\JJK_theHiddenOnes\Source\JJK_theHiddenOnes\Training\FighterCharacter.cpp(256,67): error C2653: “UModifyActionResourceGameplayEffect”: 不是类或命名空间名称
	FGameplayEffectSpecHandle Spec = AbilitySystem->MakeOutgoingSpec(UModifyActionResourceGameplayEffect::StaticClass(), 1.f, AbilitySystem->MakeEffectContext());
	                                                                 ^
F:\GameStudy\JJK_theHiddenOnes\Source\JJK_theHiddenOnes\Training\FighterCharacter.cpp(272,56): error C2065: “ResourceRegen”: 未声明的标识符
	if (Current < Max && (Now - LastResourceSpendTime) >= ResourceRegen.RegenDelay)
	                                                      ^
F:\GameStudy\JJK_theHiddenOnes\Source\JJK_theHiddenOnes\Training\FighterCharacter.cpp(274,25): error C2065: “ResourceRegen”: 未声明的标识符
		RestoreActionResource(ResourceRegen.RegenPerSecond * ResourceRegenTimerInterval);
		                      ^
F:\GameStudy\JJK_theHiddenOnes\Source\JJK_theHiddenOnes\Training\FighterCharacter.cpp(280,18): error C2664: “bool AFighterCharacter::HasCombatTag(const int) const”: 无法将参数 1 从“FNativeGameplayTag”转换为“const int”
	if (IsDead() || HasCombatTag(TAG_State_HitStun) || HasCombatTag(TAG_State_KnockedDown)
	                ^
F:\GameStudy\JJK_theHiddenOnes\Source\JJK_theHiddenOnes\Training\FighterCharacter.cpp(280,31): note: 没有可用于执行该转换的用户定义的转换运算符，或者无法调用该运算符
	if (IsDead() || HasCombatTag(TAG_State_HitStun) || HasCombatTag(TAG_State_KnockedDown)
	                             ^
F:\GameStudy\JJK_theHiddenOnes\Source\JJK_theHiddenOnes\Training\FighterCharacter.h(135,7): note: 参见“AFighterCharacter::HasCombatTag”的声明
	bool HasCombatTag(const FGameplayTag& Tag) const;
	     ^
F:\GameStudy\JJK_theHiddenOnes\Source\JJK_theHiddenOnes\Training\FighterCharacter.cpp(280,18): note: 尝试匹配参数列表“(FNativeGameplayTag)”时
	if (IsDead() || HasCombatTag(TAG_State_HitStun) || HasCombatTag(TAG_State_KnockedDown)
	                ^
F:\GameStudy\JJK_theHiddenOnes\Source\JJK_theHiddenOnes\Training\FighterCharacter.cpp(280,53): error C2664: “bool AFighterCharacter::HasCombatTag(const int) const”: 无法将参数 1 从“FNativeGameplayTag”转换为“const int”
	if (IsDead() || HasCombatTag(TAG_State_HitStun) || HasCombatTag(TAG_State_KnockedDown)
	                                                   ^
F:\GameStudy\JJK_theHiddenOnes\Source\JJK_theHiddenOnes\Training\FighterCharacter.cpp(280,66): note: 没有可用于执行该转换的用户定义的转换运算符，或者无法调用该运算符
	if (IsDead() || HasCombatTag(TAG_State_HitStun) || HasCombatTag(TAG_State_KnockedDown)
	                                                                ^
F:\GameStudy\JJK_theHiddenOnes\Source\JJK_theHiddenOnes\Training\FighterCharacter.h(135,7): note: 参见“AFighterCharacter::HasCombatTag”的声明
	bool HasCombatTag(const FGameplayTag& Tag) const;
	     ^
F:\GameStudy\JJK_theHiddenOnes\Source\JJK_theHiddenOnes\Training\FighterCharacter.cpp(280,53): note: 尝试匹配参数列表“(FNativeGameplayTag)”时
	if (IsDead() || HasCombatTag(TAG_State_HitStun) || HasCombatTag(TAG_State_KnockedDown)
	                                                   ^
F:\GameStudy\JJK_theHiddenOnes\Source\JJK_theHiddenOnes\Training\FighterCharacter.cpp(281,6): error C2664: “bool AFighterCharacter::HasCombatTag(const int) const”: 无法将参数 1 从“FNativeGameplayTag”转换为“const int”
		|| HasCombatTag(TAG_State_GuardStun) || HasCombatTag(TAG_State_DodgeRecovery)
		   ^
F:\GameStudy\JJK_theHiddenOnes\Source\JJK_theHiddenOnes\Training\FighterCharacter.cpp(281,19): note: 没有可用于执行该转换的用户定义的转换运算符，或者无法调用该运算符
		|| HasCombatTag(TAG_State_GuardStun) || HasCombatTag(TAG_State_DodgeRecovery)
		                ^
F:\GameStudy\JJK_theHiddenOnes\Source\JJK_theHiddenOnes\Training\FighterCharacter.h(135,7): note: 参见“AFighterCharacter::HasCombatTag”的声明
	bool HasCombatTag(const FGameplayTag& Tag) const;
	     ^
F:\GameStudy\JJK_theHiddenOnes\Source\JJK_theHiddenOnes\Training\FighterCharacter.cpp(281,6): note: 尝试匹配参数列表“(FNativeGameplayTag)”时
		|| HasCombatTag(TAG_State_GuardStun) || HasCombatTag(TAG_State_DodgeRecovery)
		   ^
F:\GameStudy\JJK_theHiddenOnes\Source\JJK_theHiddenOnes\Training\FighterCharacter.cpp(281,43): error C2664: “bool AFighterCharacter::HasCombatTag(const int) const”: 无法将参数 1 从“FNativeGameplayTag”转换为“const int”
		|| HasCombatTag(TAG_State_GuardStun) || HasCombatTag(TAG_State_DodgeRecovery)
		                                        ^
F:\GameStudy\JJK_theHiddenOnes\Source\JJK_theHiddenOnes\Training\FighterCharacter.cpp(281,56): note: 没有可用于执行该转换的用户定义的转换运算符，或者无法调用该运算符
		|| HasCombatTag(TAG_State_GuardStun) || HasCombatTag(TAG_State_DodgeRecovery)
		                                                     ^
F:\GameStudy\JJK_theHiddenOnes\Source\JJK_theHiddenOnes\Training\FighterCharacter.h(135,7): note: 参见“AFighterCharacter::HasCombatTag”的声明
	bool HasCombatTag(const FGameplayTag& Tag) const;
	     ^
F:\GameStudy\JJK_theHiddenOnes\Source\JJK_theHiddenOnes\Training\FighterCharacter.cpp(281,43): note: 尝试匹配参数列表“(FNativeGameplayTag)”时
		|| HasCombatTag(TAG_State_GuardStun) || HasCombatTag(TAG_State_DodgeRecovery)
		                                        ^
F:\GameStudy\JJK_theHiddenOnes\Source\JJK_theHiddenOnes\Training\FighterCharacter.cpp(282,6): error C2664: “bool AFighterCharacter::HasCombatTag(const int) const”: 无法将参数 1 从“FNativeGameplayTag”转换为“const int”
		|| HasCombatTag(TAG_State_StanceSwitching) || IsThrowPaired())
		   ^
F:\GameStudy\JJK_theHiddenOnes\Source\JJK_theHiddenOnes\Training\FighterCharacter.cpp(282,19): note: 没有可用于执行该转换的用户定义的转换运算符，或者无法调用该运算符
		|| HasCombatTag(TAG_State_StanceSwitching) || IsThrowPaired())
		                ^
F:\GameStudy\JJK_theHiddenOnes\Source\JJK_theHiddenOnes\Training\FighterCharacter.h(135,7): note: 参见“AFighterCharacter::HasCombatTag”的声明
	bool HasCombatTag(const FGameplayTag& Tag) const;
	     ^
F:\GameStudy\JJK_theHiddenOnes\Source\JJK_theHiddenOnes\Training\FighterCharacter.cpp(282,6): note: 尝试匹配参数列表“(FNativeGameplayTag)”时
		|| HasCombatTag(TAG_State_StanceSwitching) || IsThrowPaired())
		   ^
F:\GameStudy\JJK_theHiddenOnes\Source\JJK_theHiddenOnes\Training\FighterCharacter.cpp(300,2): error C2065: “PendingDodge”: 未声明的标识符
	PendingDodge.Direction = Direction;
	^
F:\GameStudy\JJK_theHiddenOnes\Source\JJK_theHiddenOnes\Training\FighterCharacter.cpp(301,2): error C2065: “PendingDodge”: 未声明的标识符
	PendingDodge.bCancel = bCancel;
	^
F:\GameStudy\JJK_theHiddenOnes\Source\JJK_theHiddenOnes\Training\FighterCharacter.cpp(318,35): error C2664: “bool AFighterCharacter::HasCombatTag(const int) const”: 无法将参数 1 从“FNativeGameplayTag”转换为“const int”
	if (IsDead() || IsAttacking() || HasCombatTag(TAG_State_HitStun)
	                                 ^
F:\GameStudy\JJK_theHiddenOnes\Source\JJK_theHiddenOnes\Training\FighterCharacter.cpp(318,48): note: 没有可用于执行该转换的用户定义的转换运算符，或者无法调用该运算符
	if (IsDead() || IsAttacking() || HasCombatTag(TAG_State_HitStun)
	                                              ^
F:\GameStudy\JJK_theHiddenOnes\Source\JJK_theHiddenOnes\Training\FighterCharacter.h(135,7): note: 参见“AFighterCharacter::HasCombatTag”的声明
	bool HasCombatTag(const FGameplayTag& Tag) const;
	     ^
F:\GameStudy\JJK_theHiddenOnes\Source\JJK_theHiddenOnes\Training\FighterCharacter.cpp(318,35): note: 尝试匹配参数列表“(FNativeGameplayTag)”时
	if (IsDead() || IsAttacking() || HasCombatTag(TAG_State_HitStun)
	                                 ^
F:\GameStudy\JJK_theHiddenOnes\Source\JJK_theHiddenOnes\Training\FighterCharacter.cpp(319,6): error C2664: “bool AFighterCharacter::HasCombatTag(const int) const”: 无法将参数 1 从“FNativeGameplayTag”转换为“const int”
		|| HasCombatTag(TAG_State_KnockedDown) || HasCombatTag(TAG_State_StanceSwitching)
		   ^
F:\GameStudy\JJK_theHiddenOnes\Source\JJK_theHiddenOnes\Training\FighterCharacter.cpp(319,19): note: 没有可用于执行该转换的用户定义的转换运算符，或者无法调用该运算符
		|| HasCombatTag(TAG_State_KnockedDown) || HasCombatTag(TAG_State_StanceSwitching)
		                ^
F:\GameStudy\JJK_theHiddenOnes\Source\JJK_theHiddenOnes\Training\FighterCharacter.h(135,7): note: 参见“AFighterCharacter::HasCombatTag”的声明
	bool HasCombatTag(const FGameplayTag& Tag) const;
	     ^
F:\GameStudy\JJK_theHiddenOnes\Source\JJK_theHiddenOnes\Training\FighterCharacter.cpp(319,6): note: 尝试匹配参数列表“(FNativeGameplayTag)”时
		|| HasCombatTag(TAG_State_KnockedDown) || HasCombatTag(TAG_State_StanceSwitching)
		   ^
F:\GameStudy\JJK_theHiddenOnes\Source\JJK_theHiddenOnes\Training\FighterCharacter.cpp(319,45): error C2664: “bool AFighterCharacter::HasCombatTag(const int) const”: 无法将参数 1 从“FNativeGameplayTag”转换为“const int”
		|| HasCombatTag(TAG_State_KnockedDown) || HasCombatTag(TAG_State_StanceSwitching)
		                                          ^
F:\GameStudy\JJK_theHiddenOnes\Source\JJK_theHiddenOnes\Training\FighterCharacter.cpp(319,58): note: 没有可用于执行该转换的用户定义的转换运算符，或者无法调用该运算符
		|| HasCombatTag(TAG_State_KnockedDown) || HasCombatTag(TAG_State_StanceSwitching)
		                                                       ^
F:\GameStudy\JJK_theHiddenOnes\Source\JJK_theHiddenOnes\Training\FighterCharacter.h(135,7): note: 参见“AFighterCharacter::HasCombatTag”的声明
	bool HasCombatTag(const FGameplayTag& Tag) const;
	     ^
F:\GameStudy\JJK_theHiddenOnes\Source\JJK_theHiddenOnes\Training\FighterCharacter.cpp(319,45): note: 尝试匹配参数列表“(FNativeGameplayTag)”时
		|| HasCombatTag(TAG_State_KnockedDown) || HasCombatTag(TAG_State_StanceSwitching)
		                                          ^
F:\GameStudy\JJK_theHiddenOnes\Source\JJK_theHiddenOnes\Training\FighterCharacter.cpp(356,12): error C3892: “ToAttacker”: 不能给常量赋值
	ToAttacker.Z = 0.f;
	          ^
F:\GameStudy\JJK_theHiddenOnes\Source\JJK_theHiddenOnes\Training\FighterCharacter.cpp(382,80): error C2664: “bool AFighterCharacter::HasCombatTag(const int) const”: 无法将参数 1 从“FNativeGameplayTag”转换为“const int”
	if (IsThrowPaired() || Target->IsThrowPaired() || Target->IsDead() || Target->HasCombatTag(TAG_State_KnockedDown))
	                                                                              ^
F:\GameStudy\JJK_theHiddenOnes\Source\JJK_theHiddenOnes\Training\FighterCharacter.cpp(382,93): note: 没有可用于执行该转换的用户定义的转换运算符，或者无法调用该运算符
	if (IsThrowPaired() || Target->IsThrowPaired() || Target->IsDead() || Target->HasCombatTag(TAG_State_KnockedDown))
	                                                                                           ^
F:\GameStudy\JJK_theHiddenOnes\Source\JJK_theHiddenOnes\Training\FighterCharacter.h(135,7): note: 参见“AFighterCharacter::HasCombatTag”的声明
	bool HasCombatTag(const FGameplayTag& Tag) const;
	     ^
F:\GameStudy\JJK_theHiddenOnes\Source\JJK_theHiddenOnes\Training\FighterCharacter.cpp(382,80): note: 尝试匹配参数列表“(FNativeGameplayTag)”时
	if (IsThrowPaired() || Target->IsThrowPaired() || Target->IsDead() || Target->HasCombatTag(TAG_State_KnockedDown))
	                                                                              ^
F:\GameStudy\JJK_theHiddenOnes\Source\JJK_theHiddenOnes\Training\FighterCharacter.cpp(419,2): error C2664: “bool AActor::SetActorLocation(const FVector &,bool,FHitResult *,ETeleportType)”: 无法将参数 3 从“bool”转换为“FHitResult *”
	SetActorLocation(FVector(AttackerPos.X, AttackerPos.Y, GetActorLocation().Z), false, true);
	^
F:\GameStudy\JJK_theHiddenOnes\Source\JJK_theHiddenOnes\Training\FighterCharacter.cpp(419,87): note: 从整型类型转换为指针类型需要 reinterpret_cast、C 样式转换或带圆括号的函数样式强制转换
	SetActorLocation(FVector(AttackerPos.X, AttackerPos.Y, GetActorLocation().Z), false, true);
	                                                                                     ^
F:\GameStudy\UE_5.8\Engine\Source\Runtime\Engine\Classes\GameFramework\Actor.h(1636,18): note: 参见“AActor::SetActorLocation”的声明
	ENGINE_API bool SetActorLocation(const FVector& NewLocation, bool bSweep=false, FHitResult* OutSweepHitResult=nullptr, ETeleportType Teleport = ETeleportType::None);
	                ^
F:\GameStudy\JJK_theHiddenOnes\Source\JJK_theHiddenOnes\Training\FighterCharacter.cpp(419,2): note: 尝试匹配参数列表“(FVector, bool, bool)”时
	SetActorLocation(FVector(AttackerPos.X, AttackerPos.Y, GetActorLocation().Z), false, true);
	^
F:\GameStudy\JJK_theHiddenOnes\Source\JJK_theHiddenOnes\Training\FighterCharacter.cpp(552,32): error C3861: “ResolveCurrentAttackDefinition”: 找不到标识符
		if (UAttackDefinition* Seg = ResolveCurrentAttackDefinition())
		                             ^
F:\GameStudy\JJK_theHiddenOnes\Source\JJK_theHiddenOnes\Training\FighterCharacter.cpp(580,39): error C2039: "ResolveCurrentAttackDefinition": 不是 "AFighterCharacter" 的成员
UAttackDefinition* AFighterCharacter::ResolveCurrentAttackDefinition() const
                                      ^
F:\GameStudy\JJK_theHiddenOnes\Source\JJK_theHiddenOnes\Training\FighterCharacter.h(31,7): note: 参见“AFighterCharacter”的声明
class AFighterCharacter : public AJJK_theHiddenOnesCharacter, public IAbilitySystemInterface
      ^
F:\GameStudy\JJK_theHiddenOnes\Source\JJK_theHiddenOnes\Training\FighterCharacter.cpp(580,39): error C2270: “ResolveCurrentAttackDefinition”: 非成员函数上不允许修饰符
UAttackDefinition* AFighterCharacter::ResolveCurrentAttackDefinition() const
                                      ^
F:\GameStudy\JJK_theHiddenOnes\Source\JJK_theHiddenOnes\Training\FighterCharacter.cpp(582,9): error C2065: “CombatHit”: 未声明的标识符
	return CombatHit ? CombatHit->GetActiveDefinition() : nullptr;
	       ^
F:\GameStudy\JJK_theHiddenOnes\Source\JJK_theHiddenOnes\Training\FighterCharacter.cpp(582,21): error C2065: “CombatHit”: 未声明的标识符
	return CombatHit ? CombatHit->GetActiveDefinition() : nullptr;
	                   ^
F:\GameStudy\JJK_theHiddenOnes\Source\JJK_theHiddenOnes\Training\FighterCharacter.cpp(722,25): error C2039: "JJKDebugForceHitReact": 不是 "AFighterCharacter" 的成员
void AFighterCharacter::JJKDebugForceHitReact()
                        ^
F:\GameStudy\JJK_theHiddenOnes\Source\JJK_theHiddenOnes\Training\FighterCharacter.h(31,7): note: 参见“AFighterCharacter”的声明
class AFighterCharacter : public AJJK_theHiddenOnesCharacter, public IAbilitySystemInterface
      ^
F:\GameStudy\JJK_theHiddenOnes\Source\JJK_theHiddenOnes\Training\FighterCharacter.cpp(727,23): error C2065: “Definition”: 未声明的标识符
	Event.StunDuration = Definition && Definition->AttackDefinition ? Definition->AttackDefinition->HitStunDuration : 0.5f;
	                     ^
F:\GameStudy\JJK_theHiddenOnes\Source\JJK_theHiddenOnes\Training\FighterCharacter.cpp(727,37): error C2065: “Definition”: 未声明的标识符
	Event.StunDuration = Definition && Definition->AttackDefinition ? Definition->AttackDefinition->HitStunDuration : 0.5f;
	                                   ^
F:\GameStudy\JJK_theHiddenOnes\Source\JJK_theHiddenOnes\Training\FighterCharacter.cpp(727,68): error C2065: “Definition”: 未声明的标识符
	Event.StunDuration = Definition && Definition->AttackDefinition ? Definition->AttackDefinition->HitStunDuration : 0.5f;
	                                                                  ^
F:\GameStudy\JJK_theHiddenOnes\Source\JJK_theHiddenOnes\Training\FighterCharacter.cpp(729,22): error C3861: “GetActorLocation”: 找不到标识符
	Event.HitLocation = GetActorLocation();
	                    ^
F:\GameStudy\JJK_theHiddenOnes\Source\JJK_theHiddenOnes\Training\FighterCharacter.cpp(730,2): error C3861: “QueueCombatEvent”: 找不到标识符
	QueueCombatEvent(Event);
	^
F:\GameStudy\JJK_theHiddenOnes\Source\JJK_theHiddenOnes\Training\FighterCharacter.cpp(731,2): error C3861: “GetName”: 找不到标识符
	UE_LOG(LogTemp, Log, TEXT("[Combat] %s 调试注入受击（绕过检测窗口，异常注入标记）"), *GetName());
	^
F:\GameStudy\JJK_theHiddenOnes\Source\JJK_theHiddenOnes\Training\FighterCharacter.cpp(734,25): error C2039: "JJKDebugKill": 不是 "AFighterCharacter" 的成员
void AFighterCharacter::JJKDebugKill()
                        ^
F:\GameStudy\JJK_theHiddenOnes\Source\JJK_theHiddenOnes\Training\FighterCharacter.h(31,7): note: 参见“AFighterCharacter”的声明
class AFighterCharacter : public AJJK_theHiddenOnesCharacter, public IAbilitySystemInterface
      ^
F:\GameStudy\JJK_theHiddenOnes\Source\JJK_theHiddenOnes\Training\FighterCharacter.cpp(740,22): error C3861: “GetActorLocation”: 找不到标识符
	Event.HitLocation = GetActorLocation();
	                    ^
F:\GameStudy\JJK_theHiddenOnes\Source\JJK_theHiddenOnes\Training\FighterCharacter.cpp(741,2): error C3861: “QueueCombatEvent”: 找不到标识符
	QueueCombatEvent(Event);
	^
F:\GameStudy\JJK_theHiddenOnes\Source\JJK_theHiddenOnes\Training\FighterCharacter.cpp(741,2): fatal error C1003: 错误计数超过 100；正在停止编译
[6/11] Compile [x64] StanceSwitchAbility.cpp
F:\GameStudy\JJK_theHiddenOnes\Source\JJK_theHiddenOnes\Training\FighterCharacter.h(143,19): error C2143: 语法错误: 缺少“;”(在“*”的前面)
	UAttackDefinition* ResolveCurrentAttackDefinition() const;
	                 ^
F:\GameStudy\JJK_theHiddenOnes\Source\JJK_theHiddenOnes\Training\FighterCharacter.h(143,2): error C4430: 缺少类型说明符 - 假定为 int。注意: C++ 不支持默认 int
	UAttackDefinition* ResolveCurrentAttackDefinition() const;
	^
F:\GameStudy\JJK_theHiddenOnes\Source\JJK_theHiddenOnes\Training\FighterCharacter.h(143,59): error C2238: 意外的标记位于“;”之前
	UAttackDefinition* ResolveCurrentAttackDefinition() const;
	                                                         ^
F:\GameStudy\JJK_theHiddenOnes\Source\JJK_theHiddenOnes\Training\FighterCharacter.h(162,37): error C2065: “UAttackDefinition”: 未声明的标识符
	bool ConsumePendingSequence(TArray<UAttackDefinition*>& OutSequence, int32& OutSegmentIndex);
	                                   ^
F:\GameStudy\JJK_theHiddenOnes\Source\JJK_theHiddenOnes\Training\FighterCharacter.h(162,55): error C2059: 语法错误:“>”
	bool ConsumePendingSequence(TArray<UAttackDefinition*>& OutSequence, int32& OutSegmentIndex);
	                                                     ^
F:\GameStudy\JJK_theHiddenOnes\Source\JJK_theHiddenOnes\Training\FighterCharacter.h(278,9): error C2065: “UAttackDefinition”: 未声明的标识符
	TArray<UAttackDefinition*> PendingSequence;
	       ^
F:\GameStudy\JJK_theHiddenOnes\Source\JJK_theHiddenOnes\Training\FighterCharacter.h(278,27): error C2059: 语法错误:“>”
	TArray<UAttackDefinition*> PendingSequence;
	                         ^
F:\GameStudy\JJK_theHiddenOnes\Source\JJK_theHiddenOnes\Training\FighterCharacter.h(281,10): error C2086: “FVector AFighterCharacter::LastMoveInputDirection”: 重定义
	FVector LastMoveInputDirection = FVector::ZeroVector;
	        ^
F:\GameStudy\JJK_theHiddenOnes\Source\JJK_theHiddenOnes\Training\FighterCharacter.h(289,7): error C2535: “bool AFighterCharacter::HasCombatTag(const FGameplayTag &) const”: 已经定义或声明成员函数
	bool HasCombatTag(const FGameplayTag& Tag) const;
	     ^
F:\GameStudy\JJK_theHiddenOnes\Source\JJK_theHiddenOnes\Training\FighterCharacter.h(135,7): note: 参见“AFighterCharacter::HasCombatTag”的声明
	bool HasCombatTag(const FGameplayTag& Tag) const;
	     ^
F:\GameStudy\JJK_theHiddenOnes\Source\JJK_theHiddenOnes\Training\FighterCharacter.h(290,19): error C2143: 语法错误: 缺少“;”(在“*”的前面)
	UAttackDefinition* ResolveCurrentAttackDefinition() const;
	                 ^
F:\GameStudy\JJK_theHiddenOnes\Source\JJK_theHiddenOnes\Training\FighterCharacter.h(290,2): error C4430: 缺少类型说明符 - 假定为 int。注意: C++ 不支持默认 int
	UAttackDefinition* ResolveCurrentAttackDefinition() const;
	^
F:\GameStudy\JJK_theHiddenOnes\Source\JJK_theHiddenOnes\Training\FighterCharacter.h(290,59): error C2238: 意外的标记位于“;”之前
	UAttackDefinition* ResolveCurrentAttackDefinition() const;
	                                                         ^
F:\GameStudy\JJK_theHiddenOnes\Source\JJK_theHiddenOnes\Training\FighterCharacter.h(291,16): error C2535: “UAnimMontage *AFighterCharacter::GetHitReactMontage(void) const”: 已经定义或声明成员函数
	UAnimMontage* GetHitReactMontage() const;
	              ^
F:\GameStudy\JJK_theHiddenOnes\Source\JJK_theHiddenOnes\Training\FighterCharacter.h(144,16): note: 参见“AFighterCharacter::GetHitReactMontage”的声明
	UAnimMontage* GetHitReactMontage() const;
	              ^
F:\GameStudy\JJK_theHiddenOnes\Source\JJK_theHiddenOnes\Training\FighterCharacter.h(292,7): error C2535: “bool AFighterCharacter::ModifyActionResource(float)”: 已经定义或声明成员函数
	bool ModifyActionResource(float SignedAmount);
	     ^
F:\GameStudy\JJK_theHiddenOnes\Source\JJK_theHiddenOnes\Training\FighterCharacter.h(145,7): note: 参见“AFighterCharacter::ModifyActionResource”的声明
	bool ModifyActionResource(float SignedAmount);
	     ^
F:\GameStudy\JJK_theHiddenOnes\Source\JJK_theHiddenOnes\Training\FighterCharacter.h(293,7): error C2535: “void AFighterCharacter::TickResourceRegen(void)”: 已经定义或声明成员函数
	void TickResourceRegen();
	     ^
F:\GameStudy\JJK_theHiddenOnes\Source\JJK_theHiddenOnes\Training\FighterCharacter.h(146,7): note: 参见“AFighterCharacter::TickResourceRegen”的声明
	void TickResourceRegen();
	     ^
F:\GameStudy\JJK_theHiddenOnes\Source\JJK_theHiddenOnes\Training\FighterCharacter.h(156,29): error C2065: “PendingDodge”: 未声明的标识符
	void ClearPendingDodge() { PendingDodge.bPending = false; }
	                           ^
F:\GameStudy\JJK_theHiddenOnes\Source\JJK_theHiddenOnes\Training\StanceSwitchAbility.cpp(36,35): error C2440: “初始化”: 无法从“UFighterAbilitySystemComponent *”转换为“UAbilitySystemComponent *”
	if (UAbilitySystemComponent* ASC = Fighter->GetFighterAbilitySystemComponent())
	                                 ^
F:\GameStudy\JJK_theHiddenOnes\Source\JJK_theHiddenOnes\Training\StanceSwitchAbility.cpp(36,35): note: 指向的类型不相关; 转换需要 reinterpret_cast、C 样式强制转换或带圆括号的函数样式强制转换
F:\GameStudy\JJK_theHiddenOnes\Source\JJK_theHiddenOnes\Training\StanceSwitchAbility.cpp(38,3): error C2027: 使用了未定义类型“UAbilitySystemComponent”
		ASC->AddLooseGameplayTag(TAG_State_StanceSwitching);
		^
F:\GameStudy\UE_5.8\Engine\Plugins\Runtime\GameplayAbilities\Source\GameplayAbilities\Public\ActiveGameplayEffectHandle.h(9,7): note: 参见“UAbilitySystemComponent”的声明
class UAbilitySystemComponent;
      ^
F:\GameStudy\JJK_theHiddenOnes\Source\JJK_theHiddenOnes\Training\StanceSwitchAbility.cpp(41,74): error C2027: 使用了未定义类型“UFighterDefinition”
	const float Duration = Fighter->GetDefinition() ? Fighter->GetDefinition()->StanceSwitchDuration : 0.25f;
	                                                                        ^
F:\GameStudy\JJK_theHiddenOnes\Intermediate\Build\Win64\UnrealEditor\Inc\JJK_theHiddenOnes\UHT\FighterCharacter.generated.h(24,7): note: 参见“UFighterDefinition”的声明
class UFighterDefinition;
      ^
F:\GameStudy\JJK_theHiddenOnes\Source\JJK_theHiddenOnes\Training\StanceSwitchAbility.cpp(41,14): error C2737: “Duration”: 必须初始化 const 对象
	const float Duration = Fighter->GetDefinition() ? Fighter->GetDefinition()->StanceSwitchDuration : 0.25f;
	            ^
F:\GameStudy\JJK_theHiddenOnes\Source\JJK_theHiddenOnes\Training\StanceSwitchAbility.cpp(52,36): error C2440: “初始化”: 无法从“UFighterAbilitySystemComponent *”转换为“UAbilitySystemComponent *”
		if (UAbilitySystemComponent* ASC = Fighter->GetFighterAbilitySystemComponent())
		                                 ^
F:\GameStudy\JJK_theHiddenOnes\Source\JJK_theHiddenOnes\Training\StanceSwitchAbility.cpp(52,36): note: 指向的类型不相关; 转换需要 reinterpret_cast、C 样式强制转换或带圆括号的函数样式强制转换
F:\GameStudy\JJK_theHiddenOnes\Source\JJK_theHiddenOnes\Training\StanceSwitchAbility.cpp(54,4): error C2027: 使用了未定义类型“UAbilitySystemComponent”
			ASC->RemoveLooseGameplayTag(TAG_State_StanceSwitching);
			^
F:\GameStudy\UE_5.8\Engine\Plugins\Runtime\GameplayAbilities\Source\GameplayAbilities\Public\ActiveGameplayEffectHandle.h(9,7): note: 参见“UAbilitySystemComponent”的声明
class UAbilitySystemComponent;
      ^
F:\GameStudy\JJK_theHiddenOnes\Source\JJK_theHiddenOnes\Training\StanceSwitchAbility.cpp(55,8): error C2027: 使用了未定义类型“UAbilitySystemComponent”
			if (ASC->HasMatchingGameplayTag(TAG_Stance_Melee))
			    ^
F:\GameStudy\UE_5.8\Engine\Plugins\Runtime\GameplayAbilities\Source\GameplayAbilities\Public\ActiveGameplayEffectHandle.h(9,7): note: 参见“UAbilitySystemComponent”的声明
class UAbilitySystemComponent;
      ^
F:\GameStudy\JJK_theHiddenOnes\Source\JJK_theHiddenOnes\Training\StanceSwitchAbility.cpp(57,5): error C2027: 使用了未定义类型“UAbilitySystemComponent”
				ASC->RemoveLooseGameplayTag(TAG_Stance_Melee);
				^
F:\GameStudy\UE_5.8\Engine\Plugins\Runtime\GameplayAbilities\Source\GameplayAbilities\Public\ActiveGameplayEffectHandle.h(9,7): note: 参见“UAbilitySystemComponent”的声明
class UAbilitySystemComponent;
      ^
F:\GameStudy\JJK_theHiddenOnes\Source\JJK_theHiddenOnes\Training\StanceSwitchAbility.cpp(58,5): error C2027: 使用了未定义类型“UAbilitySystemComponent”
				ASC->AddLooseGameplayTag(TAG_Stance_Ranged);
				^
F:\GameStudy\UE_5.8\Engine\Plugins\Runtime\GameplayAbilities\Source\GameplayAbilities\Public\ActiveGameplayEffectHandle.h(9,7): note: 参见“UAbilitySystemComponent”的声明
class UAbilitySystemComponent;
      ^
F:\GameStudy\JJK_theHiddenOnes\Source\JJK_theHiddenOnes\Training\StanceSwitchAbility.cpp(62,5): error C2027: 使用了未定义类型“UAbilitySystemComponent”
				ASC->RemoveLooseGameplayTag(TAG_Stance_Ranged);
				^
F:\GameStudy\UE_5.8\Engine\Plugins\Runtime\GameplayAbilities\Source\GameplayAbilities\Public\ActiveGameplayEffectHandle.h(9,7): note: 参见“UAbilitySystemComponent”的声明
class UAbilitySystemComponent;
      ^
F:\GameStudy\JJK_theHiddenOnes\Source\JJK_theHiddenOnes\Training\StanceSwitchAbility.cpp(63,5): error C2027: 使用了未定义类型“UAbilitySystemComponent”
				ASC->AddLooseGameplayTag(TAG_Stance_Melee);
				^
F:\GameStudy\UE_5.8\Engine\Plugins\Runtime\GameplayAbilities\Source\GameplayAbilities\Public\ActiveGameplayEffectHandle.h(9,7): note: 参见“UAbilitySystemComponent”的声明
class UAbilitySystemComponent;
      ^
F:\GameStudy\JJK_theHiddenOnes\Source\JJK_theHiddenOnes\Training\StanceSwitchAbility.cpp(84,36): error C2440: “初始化”: 无法从“UFighterAbilitySystemComponent *”转换为“UAbilitySystemComponent *”
		if (UAbilitySystemComponent* ASC = Fighter->GetFighterAbilitySystemComponent())
		                                 ^
F:\GameStudy\JJK_theHiddenOnes\Source\JJK_theHiddenOnes\Training\StanceSwitchAbility.cpp(84,36): note: 指向的类型不相关; 转换需要 reinterpret_cast、C 样式强制转换或带圆括号的函数样式强制转换
F:\GameStudy\JJK_theHiddenOnes\Source\JJK_theHiddenOnes\Training\StanceSwitchAbility.cpp(86,4): error C2027: 使用了未定义类型“UAbilitySystemComponent”
			ASC->RemoveLooseGameplayTag(TAG_State_StanceSwitching);
			^
F:\GameStudy\UE_5.8\Engine\Plugins\Runtime\GameplayAbilities\Source\GameplayAbilities\Public\ActiveGameplayEffectHandle.h(9,7): note: 参见“UAbilitySystemComponent”的声明
class UAbilitySystemComponent;
      ^
[7/11] Compile [x64] MeleeComboAbility.cpp
F:\GameStudy\JJK_theHiddenOnes\Source\JJK_theHiddenOnes\Training\FighterCharacter.h(281,10): error C2086: “FVector AFighterCharacter::LastMoveInputDirection”: 重定义
	FVector LastMoveInputDirection = FVector::ZeroVector;
	        ^
F:\GameStudy\JJK_theHiddenOnes\Source\JJK_theHiddenOnes\Training\FighterCharacter.h(289,7): error C2535: “bool AFighterCharacter::HasCombatTag(const FGameplayTag &) const”: 已经定义或声明成员函数
	bool HasCombatTag(const FGameplayTag& Tag) const;
	     ^
F:\GameStudy\JJK_theHiddenOnes\Source\JJK_theHiddenOnes\Training\FighterCharacter.h(135,7): note: 参见“AFighterCharacter::HasCombatTag”的声明
	bool HasCombatTag(const FGameplayTag& Tag) const;
	     ^
F:\GameStudy\JJK_theHiddenOnes\Source\JJK_theHiddenOnes\Training\FighterCharacter.h(290,21): error C2535: “UAttackDefinition *AFighterCharacter::ResolveCurrentAttackDefinition(void) const”: 已经定义或声明成员函数
	UAttackDefinition* ResolveCurrentAttackDefinition() const;
	                   ^
F:\GameStudy\JJK_theHiddenOnes\Source\JJK_theHiddenOnes\Training\FighterCharacter.h(143,21): note: 参见“AFighterCharacter::ResolveCurrentAttackDefinition”的声明
	UAttackDefinition* ResolveCurrentAttackDefinition() const;
	                   ^
F:\GameStudy\JJK_theHiddenOnes\Source\JJK_theHiddenOnes\Training\FighterCharacter.h(291,16): error C2535: “UAnimMontage *AFighterCharacter::GetHitReactMontage(void) const”: 已经定义或声明成员函数
	UAnimMontage* GetHitReactMontage() const;
	              ^
F:\GameStudy\JJK_theHiddenOnes\Source\JJK_theHiddenOnes\Training\FighterCharacter.h(144,16): note: 参见“AFighterCharacter::GetHitReactMontage”的声明
	UAnimMontage* GetHitReactMontage() const;
	              ^
F:\GameStudy\JJK_theHiddenOnes\Source\JJK_theHiddenOnes\Training\FighterCharacter.h(292,7): error C2535: “bool AFighterCharacter::ModifyActionResource(float)”: 已经定义或声明成员函数
	bool ModifyActionResource(float SignedAmount);
	     ^
F:\GameStudy\JJK_theHiddenOnes\Source\JJK_theHiddenOnes\Training\FighterCharacter.h(145,7): note: 参见“AFighterCharacter::ModifyActionResource”的声明
	bool ModifyActionResource(float SignedAmount);
	     ^
F:\GameStudy\JJK_theHiddenOnes\Source\JJK_theHiddenOnes\Training\FighterCharacter.h(293,7): error C2535: “void AFighterCharacter::TickResourceRegen(void)”: 已经定义或声明成员函数
	void TickResourceRegen();
	     ^
F:\GameStudy\JJK_theHiddenOnes\Source\JJK_theHiddenOnes\Training\FighterCharacter.h(146,7): note: 参见“AFighterCharacter::TickResourceRegen”的声明
	void TickResourceRegen();
	     ^
F:\GameStudy\JJK_theHiddenOnes\Source\JJK_theHiddenOnes\Training\FighterCharacter.h(156,29): error C2065: “PendingDodge”: 未声明的标识符
	void ClearPendingDodge() { PendingDodge.bPending = false; }
	                           ^
F:\GameStudy\JJK_theHiddenOnes\Source\JJK_theHiddenOnes\Training\MeleeComboAbility.cpp(41,26): error C2039: "InstanceMatches": 不是 "UMeleeComboAbility" 的成员
bool UMeleeComboAbility::InstanceMatches() const
                         ^
F:\GameStudy\JJK_theHiddenOnes\Source\JJK_theHiddenOnes\Training\MeleeComboAbility.h(21,7): note: 参见“UMeleeComboAbility”的声明
class UMeleeComboAbility : public UGameplayAbility
      ^
F:\GameStudy\JJK_theHiddenOnes\Source\JJK_theHiddenOnes\Training\MeleeComboAbility.cpp(41,26): error C2270: “InstanceMatches”: 非成员函数上不允许修饰符
bool UMeleeComboAbility::InstanceMatches() const
                         ^
F:\GameStudy\JJK_theHiddenOnes\Source\JJK_theHiddenOnes\Training\MeleeComboAbility.cpp(43,37): error C2065: “CachedFighter”: 未声明的标识符
	const AFighterCharacter* Fighter = CachedFighter.Get();
	                                   ^
F:\GameStudy\JJK_theHiddenOnes\Source\JJK_theHiddenOnes\Training\MeleeComboAbility.cpp(45,27): error C2065: “bInstanceActive”: 未声明的标识符
	return Hit != nullptr && bInstanceActive && Hit->GetActiveInstanceId() == AttackInstanceId;
	                         ^
F:\GameStudy\JJK_theHiddenOnes\Source\JJK_theHiddenOnes\Training\MeleeComboAbility.cpp(45,76): error C2065: “AttackInstanceId”: 未声明的标识符
	return Hit != nullptr && bInstanceActive && Hit->GetActiveInstanceId() == AttackInstanceId;
	                                                                          ^
F:\GameStudy\JJK_theHiddenOnes\Source\JJK_theHiddenOnes\Training\MeleeComboAbility.cpp(90,16): error C2664: “bool AFighterCharacter::ConsumePendingSequence(TArray<UAttackDefinition *,TSizedDefaultAllocator<32>> &,int32 &)”: 无法将参数 1 从“TArray<TObjectPtr<UAttackDefinition>,FDefaultAllocator>”转换为“TArray<UAttackDefinition *,TSizedDefaultAllocator<32>> &”
	if (!Fighter->ConsumePendingSequence(SegmentSequence, SegmentIndex))
	              ^
F:\GameStudy\JJK_theHiddenOnes\Source\JJK_theHiddenOnes\Training\FighterCharacter.h(162,7): note: 参见“AFighterCharacter::ConsumePendingSequence”的声明
	bool ConsumePendingSequence(TArray<UAttackDefinition*>& OutSequence, int32& OutSegmentIndex);
	     ^
F:\GameStudy\JJK_theHiddenOnes\Source\JJK_theHiddenOnes\Training\MeleeComboAbility.cpp(90,16): note: 尝试匹配参数列表“(TArray<TObjectPtr<UAttackDefinition>,FDefaultAllocator>, int32)”时
	if (!Fighter->ConsumePendingSequence(SegmentSequence, SegmentIndex))
	              ^
F:\GameStudy\JJK_theHiddenOnes\Source\JJK_theHiddenOnes\Training\MeleeComboAbility.cpp(114,6): error C2065: “AbilitySystemComponent”: 未声明的标识符
	if (AbilitySystemComponent)
	    ^
F:\GameStudy\JJK_theHiddenOnes\Source\JJK_theHiddenOnes\Training\MeleeComboAbility.cpp(116,3): error C2065: “AbilitySystemComponent”: 未声明的标识符
		AbilitySystemComponent->AddLooseGameplayTag(TAG_State_Attacking);
		^
F:\GameStudy\JJK_theHiddenOnes\Source\JJK_theHiddenOnes\Training\MeleeComboAbility.cpp(147,55): error C2065: “AbilitySystemComponent”: 未声明的标识符
	if (Def->bGrantsSuperArmor && !bSuperArmorApplied && AbilitySystemComponent)
	                                                     ^
F:\GameStudy\JJK_theHiddenOnes\Source\JJK_theHiddenOnes\Training\MeleeComboAbility.cpp(149,3): error C2065: “AbilitySystemComponent”: 未声明的标识符
		AbilitySystemComponent->AddLooseGameplayTag(TAG_State_SuperArmor);
		^
[8/11] Compile [x64] Module.JJK_theHiddenOnes.cpp
F:\GameStudy\JJK_theHiddenOnes\Source\JJK_theHiddenOnes\Training\FighterCharacter.h(281,10): error C2086: “FVector AFighterCharacter::LastMoveInputDirection”: 重定义
	FVector LastMoveInputDirection = FVector::ZeroVector;
	        ^
F:\GameStudy\JJK_theHiddenOnes\Source\JJK_theHiddenOnes\Training\FighterCharacter.h(289,7): error C2535: “bool AFighterCharacter::HasCombatTag(const FGameplayTag &) const”: 已经定义或声明成员函数
	bool HasCombatTag(const FGameplayTag& Tag) const;
	     ^
F:\GameStudy\JJK_theHiddenOnes\Source\JJK_theHiddenOnes\Training\FighterCharacter.h(135,7): note: 参见“AFighterCharacter::HasCombatTag”的声明
	bool HasCombatTag(const FGameplayTag& Tag) const;
	     ^
F:\GameStudy\JJK_theHiddenOnes\Source\JJK_theHiddenOnes\Training\FighterCharacter.h(290,21): error C2535: “UAttackDefinition *AFighterCharacter::ResolveCurrentAttackDefinition(void) const”: 已经定义或声明成员函数
	UAttackDefinition* ResolveCurrentAttackDefinition() const;
	                   ^
F:\GameStudy\JJK_theHiddenOnes\Source\JJK_theHiddenOnes\Training\FighterCharacter.h(143,21): note: 参见“AFighterCharacter::ResolveCurrentAttackDefinition”的声明
	UAttackDefinition* ResolveCurrentAttackDefinition() const;
	                   ^
F:\GameStudy\JJK_theHiddenOnes\Source\JJK_theHiddenOnes\Training\FighterCharacter.h(291,16): error C2535: “UAnimMontage *AFighterCharacter::GetHitReactMontage(void) const”: 已经定义或声明成员函数
	UAnimMontage* GetHitReactMontage() const;
	              ^
F:\GameStudy\JJK_theHiddenOnes\Source\JJK_theHiddenOnes\Training\FighterCharacter.h(144,16): note: 参见“AFighterCharacter::GetHitReactMontage”的声明
	UAnimMontage* GetHitReactMontage() const;
	              ^
F:\GameStudy\JJK_theHiddenOnes\Source\JJK_theHiddenOnes\Training\FighterCharacter.h(292,7): error C2535: “bool AFighterCharacter::ModifyActionResource(float)”: 已经定义或声明成员函数
	bool ModifyActionResource(float SignedAmount);
	     ^
F:\GameStudy\JJK_theHiddenOnes\Source\JJK_theHiddenOnes\Training\FighterCharacter.h(145,7): note: 参见“AFighterCharacter::ModifyActionResource”的声明
	bool ModifyActionResource(float SignedAmount);
	     ^
F:\GameStudy\JJK_theHiddenOnes\Source\JJK_theHiddenOnes\Training\FighterCharacter.h(293,7): error C2535: “void AFighterCharacter::TickResourceRegen(void)”: 已经定义或声明成员函数
	void TickResourceRegen();
	     ^
F:\GameStudy\JJK_theHiddenOnes\Source\JJK_theHiddenOnes\Training\FighterCharacter.h(146,7): note: 参见“AFighterCharacter::TickResourceRegen”的声明
	void TickResourceRegen();
	     ^
F:\GameStudy\JJK_theHiddenOnes\Source\JJK_theHiddenOnes\Training\FighterCharacter.h(156,29): error C2065: “PendingDodge”: 未声明的标识符
	void ClearPendingDodge() { PendingDodge.bPending = false; }
	                           ^
Total time in Unreal Build Accelerator local executor: 16.86 seconds

Result: Failed (OtherCompilationError)
Total execution time: 19.94 seconds
Trace written to file C:\Users\yaeonh\AppData\Local\UnrealBuildTool\Trace.uba with size 49.3kb
